Volume;Issue;Month;Year;number by year;number total;number paleolim;Number tropical;Title;Location;Latitude;longitude;proxies;time period;Affiliation;tropic area
25;12;December;2015;1;1;1;;Asian summer monsoon variability during the late glacial and Holocene inferred from the stable carbon isotope record of black carbon in the sediments of Muge Co, southeastern Tibetan Plateau, China;china;30 08 N;101 50 E;geochemistry, isotopes;Late Pleistocene, Holocene;;
;;;;2;2;;;Historical reconstruction of organic carbon inputs to the East China Sea inner shelf: Implications for anthropogenic activities and regional climate variability;;;;;;;
;;;;3;3;;;Diachronous evolution of sea surface conditions in the Labrador Sea and Baffin Bay since the last deglaciation;;;;;;;
;;;;4;4;2;;Holocene shorelines and lake evolution in Juyanze Basin, southern Mongolian Plateau, revealed by luminescence dating;Mongolia;37 00 N;100 00 E;OSL dating;Holocene;;
;;;;5;5;;;Fire history of the central boreal forest in easternNorth America reveals stability since the mid-Holocene;;;;;;;
;;;;6;6;3;;An assessment of the mean annual precipitation needed to sustain Lake Sambhar in Rajasthan, India, during mid-Holocene time;India;26 56 N;75 05 E;climate models;Mid Holocene;;
;;;;7;7;4;;Solar inprints on Asina inland moisture fluctuations over the last millennium;China;45 50 N;85 58 E;long chain alkenones;Late Holocene;;
;;;;8;8;;;Late Holocene climate change in the Big Belt Mountains, central Montana, USA;;;;;;;
;;;;9;9;;;Comparing subsistence strategies in different landscapes of North China 10,000 years ago;;;;;;;
;;;;10;10;;;plant domestication, cultivation, and foraging by the first farmers in early Neolithic Northeast China: Evidence from microbotanical remains;;;;;;;
;11;November;2015;11;11;5;;Multi-methodological reconstruction of the lake level at Morgaten in the context of the history of the Swis Confederation;Switzerland;47 07 N;08 37 E;Geochemistry;Late Holocene;;
;;;;12;12;;;Paleoecological perspectives on landscape history and anthropogenic impacts at Uivak Point, Labrador, since AD 1400;;;;;;;
;;;;13;13;;;Decadal-resolution record of winter monsoon intensity over the last two millennia from planktic foraminiferal assemblages in the northeastern Arabian Sea;;;;;;;
;;;;14;14;;;Sediment fingerprinting and the mode of formation of singular and composite annual moraine ridges at two glacier margins, Jotunheimen, southern Norway;;;;;;;
;;;;15;15;6;;8000 years of environmental evolution of barrier–lagoon systems emplaced in coastal embayments (NW Iberia);Spain;42 45 N;09 05 W;Geochemistry, lithology;Holocene;;
;;;;16;16;7;;Can we infer vegetation change from peat carbon and nitrogen content? A palaeoecological test from Tasmania, Australia;Australia;41 30 S;146 23 E;geochemistry, pollen;Holocene;;
;;;;17;17;8;1;Ecosystem resilience to late-Holocene climate change in the Upper Zambezi Valley;Zambia;11 48.6 S;24 53.4 E;pollen, charcoal;Holocene;No local affiliations;Africa
;;;;18;18;;;Evidence of a higher late-Holocene treeline along the Continental Divide in central Colorado;;;;;;;
;;;;19;19;9;;Holocene records of environmental change in High Plains playa wetlands, Kansas, US;United states;39.20 N;100.84 W;stable isotopes, magnetic susceptibility;Pleistocene;;
;;;;20;20;;;Holocene book review: Reconstructing Quaternary Environments;;;;;;;
;10;October;;21;21;;;Introduction to the Special Issue ‘The Anthropocene in the Longue Durée’;;;;;;;
;;;;22;22;;;Anthropocene as an evolving paradigm;;;;;;;
;;;;23;23;;;Anthropocene and early human behavior;;;;;;;
;;;;24;24;;;Modifying the marsh: Evaluating Early Epipaleolithic hunter-gatherer impacts in the Azraq wetland, Jordan;;;;;;;
;;;;25;25;;;Early Holocene woodland vegetation and human impacts in the arid zone of the southern Levant;;;;;;;
;;;;26;26;;;Anthropogenic burning and the Anthropocene in late-Holocene California;;;;;;;
;;;;27;27;;;Amazonia and the Anthropocene: What was the spatial extent and intensity of human landscape modification in the Amazon Basin at the end of prehistory?;;;;;;;
;;;;28;28;;;Interpreting interfluvial landscape transformations in the pre-Columbian Amazon;;;;;;;
;;;;29;29;;;Por el camino verde: Long-term tropical socioecosystem dynamics and the Anthropocene as seen from Puerto Rico;;;;;;;
;;;;30;30;;;‘Mayacene’ floodplain and wetland formation in the Rio Bravo Watershed of northwestern Belize;;;;;;;
;;;;31;31;;;Anthropocene archaeology of the Yellow River, China, 5000–2000 BP;;;;;;;
;;;;32;32;;;The Anthropocene and the landscape of Confucius: A historical ecology of landscape changes in northern and eastern China during the middle to late-Holocene;;;;;;;
;;;;33;33;10;;Human impact on the hydroenvironment of Lake Parishan, SW Iran, through the late-Holocene;Iran;29.5 N;51.8 E;ostracods, pollen;Late Holocene;;
;;;;34;34;11;;The onset of the palaeoanthropocene in Iceland: Changes in complex natural systems;Iceland;65.61 N;17.24 E;pollen;Late Holocene;;
;;;;35;35;;;Islands of change vs. islands of disaster: Managing pigs and birds in the Anthropocene of the North Atlantic;;;;;;;
;;;;36;36;;;Intensification of production in Medieval Islamic Jordan and its ecological impact: Towns of the Anthropocene;;;;;;;
;;;;37;37;;;The ‘Columbian Exchange’ and landscapes of the Middle Rio Grande Valley, USA, AD 1300–1900;;;;;;;
;;;;38;38;;;The 1930s Dust Bowl: Geoarchaeological lessons from a 20th century environmental crisis;;;;;;;
;;;;39;39;;;A view from the past to the future: Concluding remarks on the ‘The Anthropocene in the Longue Durée’;;;;;;;
;9;September;;40;40;12;;Functional traits as a new approach for interpreting testate amoeba palaeo-records in peatlands and assessing the causes and consequences of past changes in species composition;Switzerland;Jura Mountains;;testate rhizopods;Holocene;;
;;;;41;41;13;;Two thousand–year reconstruction of livestock production intensity in France using sediment-archived fecal Bacteroidales and source-specific mitochondrial markers;France;48 47 N;06 43 E;DNA;Late Holocene;;
;;;;42;42;14;;Factors controlling the past ~150-year ecological dynamics of Lake Wuliangsu in the upper reaches of the Yellow River, China;China;40 47 N;108 43 E;geochemistry, isotopes;Late Holocene;;
;;;;43;43;;;Changes in Holocene relative sea-level and coastal morphology: A study of a raised beach ridge system on Samsø, southwest Scandinavia;;;;;;;
;;;;44;44;;;Multi-centennial scale SST and Indian summer monsoon precipitation variability since the mid-Holocene and its nonlinear response to solar activity;;;;;;;
;;;;45;45;15;;Peatland paleohydrology in the southern West Siberian Lowlands: Comparison of multiple testate amoeba transfer functions, sites, and Sphagnum δ13C values;Russia;58.43 N;83.43 E;testate rhizopods;modern;;
;;;;46;46;16;;Life on the periphery is tough: Vegetation in Northwest Iceland and its responses to early-Holocene warmth and later climate fluctuations;Iceland;65 35 N;20 07 W;pollen;Early Holocene;;
;;;;47;47;17;;Environmental imprints of landscape evolution and human activities during the Holocene in a small catchment of the Calanques Massif (Cassis, southern France);France;Calanques Massif;;lithology, geochemistry, pollen;Holocene;;
;;;;48;48;;;A numerical investigation of freshwater and sediment discharge variations of Poyang Lake catchment, China over the last 1000 years;;;;;;;
;;;;49;49;18;2;Late-Holocene record of lagoon evolution, climate change, and hurricane activity from southeastern Cuba;Cuba;19 56.916 N;76 32.37 E;foraminefera, pollen;Late Holocene;One local affiliation. Coauthor;America
;;;;50;50;;;Rethinking the spread of agriculture to the Tibetan Plateau;;;;;;;
;;;;51;51;;;Early–middle Holocene relative sea-level oscillation events recorded in a submerged speleothem from the Yucatán Peninsula, Mexico;;;;;;;
;;;;52;52;19;3;Climate change and the agricultural history of a mid-elevation Andean montane forest;Peru;5 49.63 S;77 57.44 W;pollen;Late Holocene;No local affiliations;America
;;;;53;53;;;Holocene book review: An Introduction to R for Spatial Analysis and Mapping;;;;;;;
;8;August;2015;54;54;;;The seasonal water temperature cycle in the Arctic Dicksonfjord (Svalbard) during the Holocene Climate Optimum derived from subfossil Arctica islandicashells;;;;;;;
;;;;55;55;;;Rapid Cycles of Episodic Adjustment: Understanding the Holocene fluvial archive of the Daintree River of Northeastern Australia;;;;;;;
;;;;56;56;20;;Late Holocene climate variability on the eastern flank of the Patagonian Andes (Chile): A δ18O record from mollusks in Lago Cisnes (47°S);Chile;47 06 S;72 26 W;stable isotopes;Late Holocene;;
;;;;57;57;21;;5000 years of lacustrine ecosystem changes from Lake Petit (Southern Alps, 2200 m a.s.l.): Regime shift and resilience of algal communities;France;44 06 N;07 11 E;diatoms;Holocene;;
;;;;58;58;;;Holocene dynamics of an eastern hemlock (Tsuga canadensis) forest site at the northern range of the species limit;;;;;;;
;;;;59;59;;;Radarfacies and sedimentological analysis: Study of sedimentary substrate from an archaeological site (shell mound), southern Brazil;;;;;;;
;;;;60;60;;;Reconstruction of the geographic extent of drought anomalies in northwestern China over the last 539 years and its teleconnection with the Pacific Ocean;;;;;;;
;;;;61;61;22;4;Pre-Columbian land use in the ring-ditch region of the Bolivian Amazon;Bolivia;13 15 S;63 42 W;phytoliths, pollen;Holocene;One local affiliation. Coauthor;America
;;;;62;62;23;5;Palaeoenvironment, palaeoclimate and sea-level changes in the Shuaiba Lagoon during the late Holocene (last 3.6 ka), eastern Red Sea coast, Saudi Arabia;Saudi Arabia;20 45 N;39 29 E;foraminifera;Late Holocene;Principal local affiliation;Asia
;;;;63;63;;;The 5.5–4.5 kyr climatic transition as recorded by the sedimentation pattern of coastal deposits of the Apulia region, southern Italy;;;;;;;
;;;;64;64;24;;Last deglacial and Holocene vegetation evolution and climate variability in the subalpine western Nanling Mountains in South China;China;26 10 N;110 08 E;lithology, pollen;Holocene, Late pleistocene;;
;;;;65;65;25;;Late Holocene fire and vegetation reconstruction from the western Klamath Mountains, California, USA: A multi-disciplinary approach for examining potential human land-use impacts;United States;41 14 N;123 42 W;pollen, charcoal;Holocene;;
;;;;66;66;26;;Evidences for centennial dry periods at ~3300 and ~2800 cal. yr BP from micro-facies analyses of the Dead Sea sediments;Dead Sea;31 27 N;35 23 E;facies, lithology, geochemistry;Mid Holocene;;
;;;;67;67;;;Holocene book review: Quaternary Research in Britain and Ireland – A History Based on the Activities of the Subdepartment of Quaternary Research, University of Cambridge, 1948–1994;;;;;;;
;7;JULIO;2015;68;68;;;A high-precision age estimate of the Holocene Plinian eruption of Mount Mazama, Oregon, USA;;;;;;;
;;;;69;69;27;;Hydrological changes of the past 1400 years recorded in δD of sedimentary n-alkanes from Poyang Lake, southeastern China;China;29 9 N;116 25 E;geochemistry;Late Holocene;;
;;;;70;70;;;A 300-year surge history of the Drangajökull ice cap, northwest Iceland, and its maximum during the ‘Little Ice Age’;;;;;;;
;;;;71;71;;;Alternative standardization approaches to improving streamflow reconstructions with ring-width indices of riparian trees;;;;;;;
;;;;72;72;28;;Late-Holocene drought and fire drove a widespread change in forest community composition in eastern North America;United States;44.39 N;69.78 W;pollen;Late Holocene;;
;;;;73;73;;;The transition of chestnut (Castanea sativa Miller) from timber to fruit tree: Cultural and economic inferences in the Italian peninsula;;;;;;;
;;;;74;74;;;The use of quantitative models to assess long-term climate–vegetation dynamics – A case study from the northern Scandinavian Mountains;;;;;;;
;;;;75;75;;;Bison bonasus skull from the Bihor Mountains, Romania: Isotopic and morphological investigations;;;;;;;
;;;;76;76;;;Population history and its relationship with climate change on the Chinese Loess Plateau during the past 10,000 years;;;;;;;
;;;;77;77;;;New stratigraphic and geochemical data on the Holocene environment and climate from a tufa deposit at Direndall (Mamer Valley, Luxembourg);;;;;;;
;;;;78;78;29;;A multi-proxy peat study of Holocene vegetation history, bog development, and carbon accumulation on northern Vancouver Island, Pacific coast of Canada;Canada;50 34 N;127 04 W;geochemistry, non-pollen palynomorphs;Holocene;;
;;;;79;79;30;;Last Millennium hydro-climate variability in Central–Eastern Europe (Northern Carpathians, Romania);Romania;47 34 N;24 32 E;stable isotopes, testate amoebae;Holocene, Late pleistocene;;
;;;;80;80;;;Holocene book review: Earth Transformed;;;;;;;
;6;JUNIO;2015;81;81;31;;Centennial-scale climate variability during the past 2000 years on the central Tibetan Plateau;China;31 49 N;87 25 E;stable isotopes;Late Holocene;;
;;;;82;82;;;Famine, migration and war: Comparison of climate change impacts and social responses in North China between the late Ming and late Qing dynasties;;;;;;;
;;;;83;83;32;;Diatom response to mid-Holocene climate in three small Arctic lakes in northernmost Finnmark;Finland;71 04 N;25 22 E;diatoms;Mid Holocene;;
;;;;84;84;;;Present and Norse Greenlandic hayfields – Insect assemblages and human impact in southern Greenland;;;;;;;
;;;;85;85;33;;A multi-proxy record of hydroclimate, vegetation, fire, and post-settlement impacts for a subalpine plateau, central Rocky Mountains, U.S.A;United States;39.764 N;107.346 W;pollen, X-ray fluorescence;Holocene, Late pleistocene;;
;;;;86;86;34;;Tracing modern environmental conditions to their roots in early mining, metallurgy, and settlement in Gladhammar, southeast Sweden: Vegetation and pollution history outside the traditional Bergslagen mining region;Sweeden;Gladhammar;;;Late Holocene;;
;;;;87;87;35;;A 700-year record of climate and environmental change from a high Andean lake: Laguna del Maule, central Chile (36°S);Chile;36  00 S;70 00 W;diatoms, geochemistry;Late Holocene;;
;;;;88;88;36;;Effects of human activity on erosion, sedimentation and debris flow activity – A case study of the Qionghai Lake watershed, southeastern Tibetan Plateau, China;China;27 42 N;102 16 E;sedimentology;Late Holocene;;
;;;;89;89;37;;Indications of shifting cultivation west of the Lapland border: Multifaceted land use in northernmost Sweden since AD 800;Sweden;65 29 N;19 47 E;Pollen;Late Holocene;;
;;;;90;90;;;Determination of sea surface temperatures using oxygen isotope ratios from Phorcus lineatus (Da Costa, 1778) in northern Spain: Implications for paleoclimate and archaeological studies;;;;;;;
;;;;91;91;38;;Annual to millennial record of sediment delivery to US Virgin Island coastal environments;United States, Virgin Islands;St. Thomas;;stratigraphy;Late Holocene;;
;;;;92;92;;;Recognition of a drowned delta in the northern Adriatic Sea, Italy: Stratigraphic characteristics and its significance in the frame of the early Holocene sea-level rise;;;;;;;
;;;;93;93;;;Anthropogenically driven decline and extinction of Sapotaceae on Nuku Hiva (Marquesas Islands, East Polynesia);;;;;;;
;;;;94;94;;;Holocene book review: Extinct Madagascar – Picturing the Island’s Past;;;;;;;
;;;;95;95;;;Holocene book review: Digital Terrain Analysis in Soil Science and Geology;;;;;;;
;5;MAYO;2015;96;96;39;;Effects of changes in land management practices on pollen productivity of open vegetation during the last century derived from varved lake sediments;Germany;53 35 N;12 31 E;Pollen;Late Holocene;;
;;;;97;97;;;OSL dating of the massive landslide-damming event in the Jishixia Gorge, on the upper Yellow River, NE Tibetan Plateau;;;;;;;
;;;;98;98;40;6;A deadly cocktail: How a drought around 4200 cal. yr BP caused mass mortality events at the infamous ‘dodo swamp’ in Mauritius;Mauritius;20 26 S;57 41 E;pollen, diatoms, geochemistry;Late Holocene;No local affiliations;Africa
;;;;99;99;41;;Assessing the potential for cryptotephra studies in Northeastern China;China;42 42 N;127 40 E;Cryptotephra;Holocene;;
;;;;100;100;;;Latest Pleistocene and Holocene behaviour of Franklin Glacier, Mt. Waddington area, British Columbia Coast Mountains, Canada;;;;;;;
;;;;101;101;42;;Onshore tsunami sediment transport mechanisms inferred from heavy mineral assemblages;Portugal;40 00 N;08 00 W;heavy minerals;Late Holocene;;
;;;;102;102;;;Study of the distribution of Elphidium aff. poeyanum (D’ORBIGNY) and Buccella peruviana (D’ORBIGNY) from the Colorado basin (South America): Holocene paleoenvironmental inferences;;;;;;;
;;;;103;103;43;7;Radiocarbon dating of mangrove sediments to constrain Holocene relative sea-level change on Zanzibar in the southwest Indian Ocean;Zanzibar;05 56 S;39 12 E;pollen;Holocene;No local affiliations;Africa
;;;;104;104;44;;Magnetic properties of tidal flat sediments on the Yangtze coast, China: Early diagenetic alteration and implications;China;30 01 N;121 44 E;geochemistry;Holocene;;
;;;;105;105;45;;High-resolution magnetic and palynological records of the last deglaciation and Holocene from Lake Xiarinur in the Hunshandake Sandy Land, Inner Mongolia;Mongolia;42 37 N;115 28 E;pollen, magnetism;Holocene, Late pleistocene;;
;;;;106;106;;;Vegetative and climatic controls on Holocene wildfire and erosion recorded in alluvial fans of the Middle Fork Salmon River, Idaho;;;;;;;
;;;;107;107;;;An aggregated climate teleconnection index linked to historical Egyptian famines of the last thousand years;;;;;;;
;;;;108;108;;;Sixteenth-century soil carbon sequestration rates based on Mexican land-grant documents;;;;;;;
;;;;109;109;;;Holocene book review: Geodiversity of Vorarlberg and Liechtenstein;;;;;;;
;;;;110;110;;;Holocene book review: Postglacial History of Vegetation in the Polish Part of the Western Carpathians Based on Isopollen Maps;;;;;;;
;4;ABRIL;2015;111;111;46;;Chironomid-inferred Holocene temperature changes in the South Carpathians (Romania);Romania;45 23 N;22 54 E;Chironomidae;Holocene;;
;;;;112;112;;;Atmospheric patterns driving Holocene productivity in the Alboran Sea (Western Mediterranean): A multiproxy approach;;;;;;;
;;;;113;113;47;;Vegetation and lake changes on the southern Taymyr peninsula, northern Siberia, during the last 300 years inferred from pollen and Pediastrumgreen algae records;Russia;72,24454 N;102,23571 E;pollen;Late Holocene;;
;;;;114;114;48;;Impact of late-Holocene aridification trend, climate variability and geodynamic control on the environment from a coastal area in SW Spain;Spain;36 56 N;06 24 W;pollen;Late Holocene;;
;;;;115;115;;;Measuring the skill of variance-scaled climate reconstructions and a test for the capture of extremes;;;;;;;
;;;;116;116;;;Human adaptation strategies to abrupt climate change in Puerto Rico ca. 3.5 ka;;;;;;;
;;;;117;117;49;;Holocene summer temperature reconstruction from sedimentary chlorophyll content, with treatment of age uncertainties, Kurupa Lake, Arctic Alaska;United States;68 35 N;154 61 W;refelctance spectroscopy;mid Holocene;;
;;;;118;118;50;8;Mangrove history during middle- and late-Holocene in Pacific south-eastern Mexico;Mexico;15 8,98 N;92 45,06 W;Pollen;Mid Holocene;All local affiliations;America
;;;;119;119;;;Calibration and multi-source consistency analysis of reconstructed precipitation series in Portugal since the early 17th century;;;;;;;
;;;;120;120;51;;Abrupt Holocene Indian Summer Monsoon failures: A primary response to solar activity?;China;26,01;100.04 E;geochemistry;Holocene;;
;;;;121;121;;;Indicator pollen taxa of human-induced and natural vegetation in Northern China;;;;;;;
;;;;122;122;;;Using multi-proxy palaeoecology to test a relict status of refugial populations of calcareous-fen species in the Western Carpathians;;;;;;;
;;;;123;123;52;;Mid-Holocene bottleneck for central European dry grasslands: Did steppe survive the forest optimum in northern Bohemia, Czech Republic?;Czech Republic;50 24 N;13 56 E;pollen;Holocene;;
;;;;124;124;;;Holocene book review: Iceland (Classic Geology in Europe 3);;;;;;;
;3;marzo;2015;125;125;53;;Multiproxy approach for Holocene paleoenvironmental reconstructions from microorganisms (testate amoebae and foraminifera) and sediment analyses: The infilling of the Loire Valley in Nantes (France);France;Nantes;;foraminifera, testate amoebae;Holocene;;
;;;;126;126;54;;Palaeoenvironmental changes in Central Europe (NE Poland) during the last 6200 years reconstructed from a high-resolution multi-proxy peat archive;Poland;53 52 N;21 13 E;pollen;mid Holocene;;
;;;;127;127;55;;Vegetation, climate and environmental history of the last 4500 years at lake Shkodra (Albania/Montenegro);Albania;42 21 N;19 09 E;pollen;Mid Holocene;;
;;;;128;128;;;Oasis evolution processes and mechanisms in the lower reaches of Heihe River, Inner Mongolia, China since 1 ka ago;;;;;;;
;;;;129;129;56;;Mid- to late-Holocene East Asian summer monsoon variability recorded in lacustrine sediments from Jingpo Lake, Northeastern China;China;43 46 N;128 27 E;pollen;Mid Holocene;;
;;;;130;130;;;Early summer temperatures reconstructed from black pine (Pinus nigra Arnold) tree-ring widths from Albania;;;;;;;
;;;;131;131;57;;The role of human-induced fire and sweet chestnut (Castanea sativa Mill.) cultivation on the long-term landscape dynamics of the southern Swiss Alps;Switzerland;46 16 N;09 01 E;pollen, charcoal;Holocene;;
;;;;132;132;58;;Postglacial shifts in lake trophic status based on a multiproxy study of a humic lake;Poland;54 05 N;23 01 E;Pollen;Mid Holocene;;
;;;;133;133;59;;Sediment dynamics and hydrologic events affecting small lacustrine systems on the southern-central Tibetan Plateau – the example of TT Lake;China;31.10 N;86.57 E;geochemistry, mineralogy;Late Holocene;;
;;;;134;134;;;Temporal and spatial variability in dune reactivation across the Nebraska Sand Hills, USA;;;;;;;
;;;;135;135;;;Towards more robust chronologies of coastal progradation: Optically stimulated luminescence ages for the coastal plain at Moruya, south-eastern Australia;;;;;;;
;;;;136;136;;;Using adjusted Blue Intensity data to attain high-quality summer temperature information: A case study from Central Scandinavia;;;;;;;
;;;;137;137;60;;Palaeolimnological evidence of Bosmina morphotypes appearance in the late Holocene;Poland;53 46 N;17 30 E;Bosnia;Holocene;;
;;;;138;138;;;Holocene book review: Ecosystem Dynamics: From the Past to the Future;;;;;;;
;;;;139;139;;;Holocene book review: Paleoclimatology: Reconstructing Climates of the Quaternary;;;;;;;
;3;febrero;2015;140;140;;;Establishing chronologies for woodland small hollow and mor humus deposits using tephrochronology and radiocarbon dating;;;;;;;
;;;;141;141;61;;Copper mining on Isle Royale 6500–5400 years ago identified using sediment geochemistry from McCargoe Cove, Lake Superior;United States;48.0923 N;88.7044 W;geochemistry, heavy metals;Holocene;;
;;;;142;142;62;;Changes in Holocene climate and the intensity of Southern Hemisphere Westerly Winds based on a high-resolution palynological record from sub-Antarctic South Georgia;South Georgia;54 29 S;35 30 W;Pollen;Holocene;;
;;;;143;143;63;;Alpine lacustrine varved record reveals summer temperature as main control of glacier fluctuations over the past 2250 years;Switzerland;46 47 N;08 23 E;varve;Late Holocene;;
;;;;144;144;;;First records of Chenopodium spp./Amaranthus spp. starch grains and their relevance to the study of the late Holocene human subsistence in Central Argentina;;;;;;;
;;;;145;145;64;;Lake Belau and its catchment (northern Germany): A key archive of environmental history in northern central Europe since the onset of agriculture;Germany;Schleswig-Holstein;;polllen;Mid Holocene;;
;;;;146;146;65;;Late Holocene climate change and anthropogenic activities in north Xinjiang: Evidence from a peatland archive, the Caotanhu wetland;China;45 00 N;90 00 E;pollen;Late Holocene;;
;;;;147;147;;;Mid- to late Holocene landscape change and anthropogenic transformations on Mo‘orea, Society Islands: A multi-proxy approach;;;;;;;
;;;;148;148;;;High frequency environmental changes and deposition processes in a 2 kyr-long sedimentological record from the Cap-Breton canyon (Bay of Biscay);;;;;;;
;;;;149;149;;;Increasing the understanding and use of natural archives of ecosystem services, resilience and thresholds to improve policy, science and practice;;;;;;;
;;;;150;150;;;Early-nineteenth-century southern African precipitation reconstructions from ships’ logbooks;;;;;;;
;;;;151;151;;;New evidence of the presence of wild boar (Sus scrofa) in Finland during early Holocene: Dispersal restricted by snow and hunting?;;;;;;;
;;;;152;152;;;Fire history reconstruction from Black Carbon analysis in Holocene cave sediments at Ifri Oudadane, Northeastern Morocco;;;;;;;
;;;;153;153;;;Holocene book review: Late Cenozoic Climate Change in Asia: Loess, Monsoon and Monsoon-Arid Environment Evolution;;;;;;;
;;;;154;154;;;Holocene book review: Dendroclimatic Studies: Tree Growth and Climate Change in Northern Forests;;;;;;;
;3;enero;2015;155;155;;;John Birks: Pioneer in quantitative palaeoecology;;;;;;;
;;;;156;156;;;Is palaeoecology a ‘special branch’ of ecology?;;;;;;;
;;;;157;157;;;Climate and abrupt vegetation change in Northern Europe since the last deglaciation;;;;;;;
;;;;158;158;;;South to north: Contrasting late-glacial and early-Holocene climate changes and vegetation responses between south and north Norway;;;;;;;
;;;;159;159;;;Trees tracking a warmer climate: The Holocene range shift of hazel (Corylus avellana) in northern Europe;;;;;;;
;;;;160;160;66;;The role of fire in the mid-Holocene arrival and expansion of lodgepole pine (Pinus contorta var. latifolia Engelm. ex S. Watson) in Yukon, Canada;Canada;60 30 N;133 12 W;pollen;Holocene;;
;;;;161;161;;;Spatial and temporal distributions of major tree taxa in eastern continental Asia during the last 22,000 years;;;;;;;
;;;;162;162;67;;Long-term successional changes in peatlands of the Hudson Bay Lowlands, Canada inferred from the ecological dynamics of multiple proxies;Canada;52 01 N;90 07 W;pollen, testate amoebae;Late Holocene;;
;;;;163;163;;;Succession of pitfall-trapped insects and arachnids on eight Norwegian glacier forelands along an altitudinal gradient: Patterns and models;;;;;;;
;;;;164;164;;;Taxon selection using statistical learning techniques to improve transfer function prediction;;;;;;;
;;;;165;165;;;Stacking of discontinuous regional palaeoclimate records: Chironomid-based summer temperatures from the Alpine region;;;;;;;
;;;;166;166;68;;Late Holocene environmental change in arctic western Siberia;Russia;68 08 N;92 12 E;pollen;Late Holocene;;
;;;;167;167;69;;Diatom-based evidence of regional aridity during the mid-Holocene period in boreal lakes from northwest Ontario (Canada);Canada;49 49 N;94 46 W;Diatoms;Late Holocene;;
;;;;168;168;70;;From landscape description to quantification: A new generation of reconstructions provides new perspectives on Holocene regional landscapes of SE Sweden;Sweden;56 00 N;13 00 E;pollen;Late Holocene;;
;;;;169;169;;;Forest continuity and conservation value in Western Europe;;;;;;;
;;;;170;170;71;;An approach to modelling the impact of prehistoric farming on Holocene landscape phosphorus dynamics;United Kingdom;53.24 N;2.67 E;geochemistry;Holocene;;
;;;;171;171;;;The magnetic record of inorganic fly ash deposition in lake sediments and ombrotrophic peats;;;;;;;
;;;;172;172;72;;Air pollutant contamination and acidification of surface waters in the North York Moors, UK: Multi-proxy evidence from the sediments of a moorland pool;United Kingdom;54.40 N;0.60 E;pollen, geochemistry;Holocene;;
;;;;;;;;;;;;;;;
;;diciembre;2014;1;173;;;Alpine glaciers and permanent ice and snow patches in western Canada approach their smallest sizes since the mid-Holocene, consistent with global trends;;;;;;;
;;;;2;174;73;;The ‘Little Ice Age’ in the Southern Hemisphere in the context of the last 3000 years: Peat-based proxy-climate data from Tierra del Fuego;Argentina;54 00 N;69 00 W;pollen;Late Holocene;;
;;;;3;175;;;Holocene stalagmite δ18O records in the East Asian monsoon region and their correlation with those in the Indian monsoon region;;;;;;;
;;;;4;176;74;;A Holocene record of climate and hydrological changes from Little Llangothlin Lagoon, south eastern Australia;Australia;30 00 S;150 00 E;charcoal, plant macroffosils;Holocene;;
;;;;5;177;;;Surface pollen deposition on glacier forelands in southern Norway II: Spatial patterns across the Jotunheimen–Jostedalsbreen region;;;;;;;
;;;;6;178;;;Documentary and tree-ring evidence for a long-term interval without ice impoundments from Glaciar Perito Moreno, Patagonia, Argentina;;;;;;;
;;;;7;179;;;An Arctic seal in temperate waters: History of the ringed seal (Pusa hispida) in the Baltic Sea and its adaptation to the changing environment;;;;;;;
;;;;8;180;75;;Humification in northeast Australia: Dating millennial and centennial scale climate variability in the late Holocene;Australia;17 22 S;145 32 E;macrocharcoal;Holocene, Late Pleistocene;;
;;;;9;181;76;;Identifying evidence for past mining and metallurgy from a record of metal contamination preserved in an ombrotrophic mire near Leadhills, SW Scotland, UK;Scotland;leadhills, southwest scotia;;stable isotope analysis;Late Holocene;;
;;;;10;182;77;;Natural and cultural eutrophication of Sluice Pond, Massachusetts, USA, recorded by algal and protozoan microfossils;United States;42 29 N;70 57 W;dinofflagelate, algae;Holocene, Late Pleistocene;;
;;;;11;183;78;9;ENSO and monsoon variability during the past 1.5 kyr as reflected in sediments from Lake Kalimpaa, Central Sulawesi (Indonesia);Indonesia;01 19 S;120 18 E;geochemistry;Late Holocene;No local affiliations;Asia
;;;;12;184;79;10;An 8700-year record of the interplay of environmental and human drivers in the development of the southern Gran Sabana landscape, SE Venezuela;Venezuela;04 42 N;61 05 W;pollen;Holocene;No local affiliations;America
;;;;13;185;;;Climate change and fiscal balance in China over the past two millennia;;;;;;;
;;;;14;186;;;Coastal palaeoenvironmental record of the last 7 kyr BP in NW France: Sub-millennial climatic and anthropic Holocene signals;;;;;;;
;;;;15;187;80;;Holocene environmental changes inferred from sedimentary records in the lower reach of the Yeongsan River, Korea;Korea;34 46 N;126 29 E;geochemistry;Holocene;;
;;;;16;188;81;;Early occurrence of temperate oak-dominated forest in the northern part of the Little Hungarian Plain, SW Slovakia;slovakia;47 52 N;18 27 E;pollen;Holocene;;
;;;;17;189;82;;A multi-proxy approach to reconstructing sedimentary environments from the Sperchios delta, Greece;Greece;38 50 N;22 30 E;XRF;Holocene, Late Pleistocene;;
;;;;18;190;;;Spatial teleconnections in African rainfall: A comparison of 19th and 20th century patterns;;;;;;;
;;;;19;191;;;New evidence of late survival of beaver in Britain;;;;;;;
;;;;20;192;;;Proposal to add anthrostratigraphic and technostratigraphic units to the stratigraphic code for classification of anthropogenic Holocene deposits;;;;;;;
;;;;21;193;;;Holocene book review: Arid and Semi-Arid Geomorphology;;;;;;;
;;;;22;194;;;Holocene book review: Essentials of the Earth’s Climate System;;;;;;;
;;noviembre ;2014;23;195;;;Terrigenous input to a fjord in central Norway records the environmental response to the North Atlantic Oscillation over the past 50 years;;;;;;;
;;;;24;196;;;Event reconstruction through Bayesian chronology: Massive mid-Holocene lake-burst triggered large-scale ecological and cultural change;;;;;;;
;;;;25;197;;;Blue Intensity for dendroclimatology: The BC blues: A case study from British Columbia, Canada;;;;;;;
;;;;26;198;;;Holocene and ‘Little Ice Age’ glacial activity in the Marboré Cirque, Monte Perdido Massif, Central Spanish Pyrenees;;;;;;;
;;;;27;199;;;Use of ecological indicator values to investigate successional change in boreal to high-alpine glacier-foreland chronosequences, southern Norway;;;;;;;
;;;;28;200;83;;Bog burst in the eastern Netherlands triggered by the 2.8 kyr BP climate event;Netherlands;52 41 N;07 01 E;pollen;Late Holocene;;
;;;;29;201;;;Palaeo-oceanographic development and human adaptive strategies in the Pleistocene–Holocene transition: A study from the Norwegian coast;;;;;;;
;;;;30;202;;;Human-derived landscape changes on the northern Etruria coast (western Italy) between Roman times and the late Middle Ages;;;;;;;
;;;;31;203;;;Role of forest fires in Holocene stand-scale dynamics in the unmanaged taiga forest of northwestern Russia;;;;;;;
;;;;32;204;84;;Vegetation dynamics in relation to late Holocene climate variability and disturbance, Outaouais, Québec, Canada;Canada;45 43 N;75 26 W;Pollen;Late Holocene;;
;;;;33;205;85;;Peatlands in eastern Australia? Sedimentology and age structure of Temperate Highland Peat Swamps on Sandstone (THPSS) in the Southern Highlands and Blue Mountains of NSW, Australia;Australia;34 37 S;150 40 E;sedimentology;Holocene;;
;;;;34;206;86;;Carbon accumulation rates in two poor fens with different water regimes: Influence of anthropogenic impact and environmental change;Poland;50 31 N;19 02 E;pollen, macrofossils;Late Holocene;;
;;;;35;207;87;;Middle-Holocene alluvial forests and associated fluvial environments: A multi-proxy reconstruction from the lower Scheldt, N Belgium;Belgium;51 08 N;04 19 E;microfossils;mid Holocene;;
;;;;36;208;;;Fossil shorelines at Corfu and surrounding islands deduced from erosional notches;;;;;;;
;;;;37;209;;;Paleoceanographic changes in the Disko Bugt area, West Greenland, during the Holocene;;;;;;;
;;;;38;210;88;;The relationship between water and air temperature in chironomid-based paleoclimate reconstructions: Records from boreal and subarctic Finland;Finland;64 17 N;30 07 E;chironomids;Holocene;;
;;;;39;211;;;How past sea-level changes can inform future planning: A case study from the Macleay River estuary, New South Wales, Australia;;;;;;;
;;;;40;212;;;Archaeology of the Anthropocene in the Yellow River region, China, 8000–2000 cal. BP;;;;;;;
;;;;41;213;;;Physical and biological features of an active rock glacier in the Italian Alps;;;;;;;
;;;;42;214;;;Holocene book review: Palaeohydrology;;;;;;;
;;;;43;215;;;Holocene book review: Foraminifera and Their Applications;;;;;;;
;;;;44;216;;;Corrigendum;;;;;;;
;;octubre;2014;45;217;89;;Climate, palaeohydrology and land use change in the Central Iberian Range over the last 1.6 kyr: The La Parra Lake record;Spain;39 50 N;01 52 E;geochemistry;Late Holocene;;
;;;;46;218;;;Holocene (~4.5–1.7 cal. kyr BP) paleoenvironmental conditions in central Argentina inferred from entire-shell and intra-shell stable isotope composition of terrestrial gastropods;;;;;;;
;;;;47;219;90;;What drives the recent intensified vegetation degradation in Mongolia – Climate change or human activity?;Mongolia;47.9 N;103.2 E;pollen;Late Holocene;;
;;;;48;220;91;;Paleoenvironmental shifts and precipitation variations recorded in tropical maar lake sediments during the Holocene in Southern China;China;19 56 N;110 11 E;geochemistry;Holocene;;
;;;;49;221;92;;Reconstructions of deltaic environments from Holocene palynological records in the Volga delta, northern Caspian Sea;Caspian sea;46 00 N;48 00 E;pollen;Holocene;;
;;;;50;222;;;Holocene shifts in riverine fine-grained sediment supply to the East China Sea Distal Mud in response to climate change;;;;;;;
;;;;51;223;;;Imaging underwater neotectonic structures in the Amazonian lowland;;;;;;;
;;;;52;224;;;Regional patterns of settlement and woodland developments: Dendroarchaeology in the Neolithic pile-dwellings on Lake Constance (Germany);;;;;;;
;;;;53;225;;;Multiproxy study of the last meal of a mid-Holocene Oyogos Yar horse, Sakha Republic, Russia;;;;;;;
;;;;54;226;93;;Is Neolithic land use correlated with demography? An evaluation of pollen-derived land cover and radiocarbon-inferred demographic change from Central Europe;germany;Lake Constance;;pollen;Holocene;;
;;;;55;227;94;;Biological and nutrient responses to catchment disturbance and warming in small lakes near the Alaskan tundra–taiga boundary;United States;65 13 N;164 49 W;Geochemistry;Late Holocene;;
;;;;56;228;;;Characterization and quantification of Holocene colluvial and alluvial sediments in the Valdaine Region (southern France);;;;;;;
;;;;57;229;;;Late Quaternary glacial advances in the Tons River Valley, Garhwal Himalaya, India and regional synchronicity;;;;;;;
;;;;58;230;;;Holocene landscape dynamics at the tell Arslantepe, Malatya, Turkey – Soil erosion, buried soils and settlement layers, slope and river activity in a middle Euphrates catchment;;;;;;;
;;;;59;231;95;;Diatom response to Asian monsoon variability during the Late Glacial to Holocene in a small treeline lake, SW China;China;26 38 N;99 43 E;pollen;Holocene, Late Pleistocene;;
;;;;60;232;96;;Preliminary report on a mid-19th century Cannabis pollen peak in NE Spain: Historical context and potential chronological significance;Spain;42 19 N;00 59 W;pollen;Late Holocene;;
;;;;61;233;97;;Sedimentary record of V, U, Mo and Mn in the Pierre-Blanche lagoon (Southern France) – Evidence for a major anoxia event during the Roman period;France;43 30 N;03 52 E;geochemistry;Late Holocene;;
;;;;62;234;;;New ages for shoreline stumps along Lake Winnipeg, Canada, and their implications for paleo-lake level estimates;;;;;;;
;;;;63;235;;;Radiocarbon dating of glacial dust layers and soils at Kilimanjaro’s Northern Ice Field;;;;;;;
;;;;64;236;;;Holocene book review: The Holocene: An Environmental History;;;;;;;
;;;;65;237;;;Holocene book review: 3D Recording and Modelling in Archaeology and Cultural Heritage: Theory and Best Practices;;;;;;;
;;septimebre;2014;66;238;;;Holocene peatland carbon dynamics in the circum-Arctic region: An introduction;;;;;;;
;;;;67;239;;;A database and synthesis of northern peatland soil properties and Holocene carbon and nitrogen accumulation;;;;;;;
;;;;68;240;;;Vegetation dynamics in relation to late Holocene climate variability and disturbance, Outaouais, Québec, Canada;;;;;;;
;;;;69;241;;;Climatic and autogenic control on Holocene carbon sequestration in ombrotrophic peatlands of maritime Quebec, eastern Canada;;;;;;;
;;;;70;242;;;Quantifying Holocene variability in carbon uptake and release since peat initiation in the Hudson Bay Lowlands, Canada;;;;;;;
;;;;71;243;;;Peatland succession and long-term apparent carbon accumulation in central and northern Ontario, Canada;;;;;;;
;;;;72;244;;;Continental fens in western Canada as effective carbon sinks during the Holocene;;;;;;;
;;;;73;245;98;;Relative importance of climatic and autogenic controls on Holocene carbon accumulation in a temperate bog in southern Ontario, Canada;Canada;43 54.3 N;80 24.87 W;pollen;Late Holocene;;
;;;;74;246;99;;Carbon accumulation in peat deposits from northern Sweden to northern Germany during the last millennium;Sweden;64 10 N;19 35 E;pollen;Late Holocene;;
;;;;75;247;100;;Recent paludification rates and effects on total ecosystem carbon storage in two boreal peatlands of Northeast European Russia;Russia;61 55 N;50 13 E;pollen;Late Holocene;;
;;;;76;248;101;;Holocene peatland initiation, lateral expansion, and carbon dynamics in the Zoige Basin of the eastern Tibetan Plateau;China;32 10 N;101 45 E;pollen;Late Holocene;;
;;;;77;249;102;;Impacts of climate and vegetation change on carbon accumulation in a south-central Alaskan peatland assessed with novel organic geochemical techniques;United States;60.5296 N;145.4538 W;geochemistry;Late Holocene;;
;;;;78;250;103;;Development, carbon accumulation, and radiative forcing of a subarctic fen over the Holocene;Finland;68.0 N;24.2 E;geochemistry;Holocene;;
;;;;79;251;;;Exploring the relationship between peatland net carbon balance and apparent carbon accumulation rate at century to millennial time scales;;;;;;;
;;agosto;2014;80;252;;;Mid-Holocene sea surface conditions and riverine influence on the inshore Great Barrier Reef;;;;;;;
;;;;81;253;104;11;Middle to late Holocene relative sea level rise, climate variability and environmental change along the Colombian Caribbean coast;Colombia;10 51 N;74 19 W;diatoms, geochemistry;mid Holocene;Several local affiliations. Coautors;America
;;;;82;254;;;Ecology of Tilia sibirica in a continental hemiboreal forest, southern Siberia: An analogue of a glacial refugium of broad-leaved temperate trees?;;;;;;;
;;;;83;255;105;;Environmental imprints of climate changes and anthropogenic activities in the Ore Mountains of Bohemia (Central Europe) since 13 cal. kyr BP;Czech Republic;50 12 N;12 54 E;pollen;Late Holocene;;
;;;;84;256;106;;Coarse sediments in Northern Apennine peat bogs and lakes: New data for the record of Holocene alluvial phases in peninsular Italy;Italy;44 23 N;10 03 E;sedimentology;Holocene, Late Pleistocene;;
;;;;85;257;107;;High mountain region of the Northern Romanian Carpathians responded sensitively to Holocene climate and land use changes: A multi-proxy analysis;Rumania;47 27 N;23 30 E;pollen;mid Holocene;;
;;;;86;258;108;;Nothofagus forest dynamics and palaeoenvironmental variations during the mid and late Holocene, in southwest Patagonia;Argentina;50 00 S;72 00 W;pollen;mid Holocene;;
;;;;87;259;109;;Climatic imprint of the mid-latitude Westerlies in the Central Tian Shan of Kyrgyzstan and teleconnections to North Atlantic climate variability during the last 6000 years;China;41 47 N;75 11 E;pollen;mid holocene;;
;;;;88;260;;;The relationship between vegetation composition, vegetation zones and modern pollen assemblages in Setesdal, southern Norway;;;;;;;
;;;;89;261;110;;A guide to screening charcoal peaks in macrocharcoal-area records for fire-episode reconstructions;;45 23 N;22 54 E;charcoal;Late Holocene;;
;;;;90;262;;;Shell mounds as environmental proxies on the southern coast of Brazil;;;;;;;
;;;;91;263;;;Holocene book review: Biodiversity in Agriculture: Domestication, Evolution, and Sustainability;;;;;;;
;;;;92;264;;;Corrigendum;;;;;;;
;;julio;2014;93;265;111;;A 2540-year record of moisture variations derived from lacustrine sediment (Sasikul Lake) on the Pamir Plateau;China;37 42 N;73 11 E;geochemistry, isotopes;mid holocene;;
;;;;94;266;;;Decadal climate variability of the North Sea during the last millennium reconstructed from bivalve shells (Arctica islandica);;;;;;;
;;;;95;267;;;Land–sea climatic variability in the eastern North Atlantic subtropical region over the last 14,200 years: Atmospheric and oceanic processes at different timescales;;;;;;;
;;;;96;268;;;Investigating the interaction between Crescent Spring and groundwater in a Chinese dune-lake environment using hydraulic gradient and isotope analysis methods;;;;;;;
;;;;97;269;;;Tree-ring reconstruction of the level of Great Salt Lake, USA;;;;;;;
;;;;98;270;112;;Geologic evidence for prehistoric tsunamis and coseismic uplift during the ad 1854 Ansei-Tokai earthquake in Holocene sediments on the Shimizu Plain, central Japan;Japan;35 00 N;139 00 E;sedimentology;Holocene;;
;;;;99;271;113;;Plant macrofossil and biomarker evidence of fen–bog transition and associated changes in vegetation in two Finnish peatlands;Finland;64 45 N;24 42 E;geochemistry;;;
;;;;100;272;;;Spørteggbreen, western Norway, in the past, present and future: Simulations with a two-dimensional dynamical glacier model;;;;;;;
;;;;101;273;114;;Fire, vegetation, and Ancestral Puebloans: A sediment record from Prater Canyon in Mesa Verde National Park, Colorado, USA;United States;37 17 N;108 25 W;pollen;mid Holocene;;
;;;;102;274;;;Holocene bison diminution on the Snake River Plain, Idaho, USA;;;;;;;
;;;;103;275;;;Stomatal density and stomatal index of fossil Buxus from coprolites of extinct Myotragus balearicus Bate (Artiodactyla, Caprinae) as evidence of increased CO2 concentration during the late Holocene;;;;;;;
;;;;104;276;;;Holocene book review: Ice Ages and Interglacials: Measurements, Interpretation, and Models;;;;;;;
;;junio;2014;105;277;115;;Using tree-ring records to calibrate peak detection in fire reconstructions based on sedimentary charcoal records;Canada;53 03 N;77 24 W;charcoal;Late Holocene;;
;;;;106;278;116;;Sequence stratigraphic significance of tidal channel systems in a shallow lagoon (Venice, Italy);Italy;venice;;foraminifera;Holocene;;
;;;;107;279;;;Nutritive value of winter-collected annual twigs of main European woody species, mistletoe and ivy and its possible consequences for winter foddering of livestock in prehistory;;;;;;;
;;;;108;280;117;;Major disturbance to aquatic ecosystems in the South Island, New Zealand, following human settlement in the Late Holocene;New Zealand;43 34 S;171 10 E;polen;late Holocene;;
;;;;109;281;;;Climatically-driven impacts on sedimentation processes in the Bay of Quiberon (south Brittany, France) over the last 10,000 years;;;;;;;
;;;;110;282;;;Scales of impact: Settlement history and landscape change in the Gordion Region, central Anatolia;;;;;;;
;;;;111;283;;;Relationship between vegetation and modern pollen-rain along an elevational gradient on Kilimanjaro, Tanzania;;;;;;;
;;;;112;284;118;;Linking forest cover, soil erosion and mire hydrology to late-Holocene human activity and climate in NW Spain;Spain;42 59 N;08 01 W;geochemistry;mid Holocene;;
;;;;113;285;;;A broad-spectrum subsistence economy in Neolithic Inner Mongolia, China: Evidence from grinding stones;;;;;;;
;;;;114;286;;;A Late Bronze Age site and fluvial environmental context in the Middle Euphrates Valley (Northeast Syria);;;;;;;
;;;;115;287;;;Early- to late-Holocene contrast in productivity, OMZ intensity and calcite dissolution in the eastern Arabian Sea;;;;;;;
;;;;116;288;;;Holocene book review: The Future of Nature;;;;;;;
;;;;117;289;;;Holocene book review: The Normalized Difference Vegetation Index;;;;;;;
;;mayo;2014;118;290;;;Use of coal in the Bronze Age in China;;;;;;;
;;;;119;291;;;Water management and agricultural intensification of rice farming at the late-Neolithic site of Maoshan, Lower Yangtze River, China;;;;;;;
;;;;120;292;;;Rising waters: New geoarchaeological evidence of inundation and early agriculture from former settlement sites on the southern Yangtze Delta, China;;;;;;;
;;;;121;293;119;;Non-pollen palynomorphs show human- and livestock-induced eutrophication of Lake Nussbaumersee (Thurgau, Switzerland) since Neolithic times (3840 bc);Switzerland;47 36 N;08 49 E;non-pollen palynomorphs;mid Holocene;;
;;;;122;294;120;;Coastal wetlands reveal a non-synchronous island response to sea-level change and a palaeostorm record from 5.5 kyr to present;Sidney;31 30 S;159 05 E;sedimentology, geochemistry;mid Holocene;;
;;;;123;295;121;;Chironomid-inferred environmental change over the past 1400 years in the shallow, eutrophic Taibai Lake (south-east China): Separating impacts of climate and human activity;China;29 59 N;115 48 E;chironomids;Late Holocene;;
;;;;124;296;122;;Climate and land-use change during the late Holocene at Lake Ledro (southern Alps, Italy);Italy;45 52 N;10 45 E;pollen;mid Holocene;;
;;;;125;297;123;;The influence of basin morphometry on the regional coherence of patterns of diatom-inferred salinity in lakes of the northern Great Plains (USA);United States;46 51 N;98 09 W;Diatoms;Late Holocene;;
;;;;126;298;;;Dry early Holocene revealed by sand dune accumulation chronology in Bayanbulak Basin (Xinjiang, NW China);;;;;;;
;;;;127;299;;;Cruising an archive: On the palaeoclimatic value of the Lena Delta;;;;;;;
;;;;128;300;;;Holocene book review: Southern African Geomorphology: Recent Trends and New Directions;;;;;;;
;;;;129;301;;;Holocene book review: Discovering the Ice Ages: International Reception and Consequences for a Historical Understanding of Climate;;;;;;;
;;abril;2014;130;302;;;Spatial patterns of eastern Mediterranean climate influence on tree growth;;;;;;;
;;;;131;303;;;Holocene environmental history at the treeline in the Northern Apennines, Italy: A micromorphological approach;;;;;;;
;;;;132;304;124;;Biomarker-based reconstructions of Holocene lake-level changes at Lake Gahai on the northeastern Tibetan Plateau;China;37 08 N;97 31 E;Geochemistry;Holocene;;
;;;;133;305;;;Middle- to late-Holocene storminess in Brittany (NW France): Part I – morphological impact and stratigraphical record;;;;;;;
;;;;134;306;;;Middle- to late-Holocene storminess in Brittany (NW France): Part II – The chronology of events and climate forcing;;;;;;;
;;;;135;307;;;Quantification of past plant abundances based on the R-value model: Exemplified by an impact assessment of pre-historic iron production and summer farming in Budalen, central Norway;;;;;;;
;;;;136;308;125;;Late-Holocene expansion of a south Swedish peatland and its impact on marginal ecosystems: Evidence from dendrochronology, peat stratigraphy and palaeobotanical data;Sweden;55 51 N;13 49 E;pollen;late Holocene;;
;;;;137;309;;;Late-Holocene storm imprint in a coastal sedimentary sequence (Northwest Iberian coast);;;;;;;
;;;;138;310;;;Evaporite evidence of a mid-Holocene (c. 4550–4400 cal. yr BP) aridity crisis in southwestern Europe and palaeoenvironmental consequences;;;;;;;
;;;;139;311;126;;The impact of Mt Mazama tephra deposition on forest vegetation in the Central Cascades, Oregon, USA;United States;44.7694 N;121.777 W;tephras;Holocene;;
;;;;140;312;;;How prehistoric humans use plant resources to adapt to environmental change: A case study in the western Chinese Loess Plateau during Qijia Period;;;;;;;
;;;;141;313;;;Holocene book review: Treatise on Geomorphology;;;;;;;
;;marzo;2014;142;314;;;The evolution of millet domestication, Middle Yellow River Region, North China: Evidence from charred seeds at the late Upper Paleolithic Shizitan Locality 9 site;;;;;;;
;;;;143;315;;;Landscape and forest exploitation at the ancient Neolithic site of La Draga (Banyoles, Spain;;;;;;;
;;;;144;316;127;;Holocene lake-level changes of Hurleg Lake on northeastern Qinghai-Tibetan Plateau and possible forcing mechanism;China;37 14 N;96 51 E;OSL;Holocene;;
;;;;145;317;128;12;Coastal forest and Miombo woodland history of the Vilankulo region, Mozambique;Mozambique;21 58 S;35 17 E;polen;Late Holocene;No local affiliations;Africa
;;;;146;318;129;;Relative importance of hydrological and climatic controls on Holocene paleoenvironments inferred using diatom and pollen records from a lake in the central Hudson Bay Lowlands, Canada;Canada;53 16 N;84 12 W;polen;mid Holocene;;
;;;;147;319;;;Middle- to late-Holocene relative sea-level changes at Puerto Deseado (Patagonia, Argentina);;;;;;;
;;;;148;320;130;;Revealing the cultivation history of northernmost Sweden: Evidence from pollen records;Sweden;65 29 N;21 12 E;polen;Holocene;;
;;;;149;321;;;Modern non-pollen palynomorphs sedimentation along an elevational gradient in the south-central Pyrenees (southwestern Europe) as a tool for Holocene paleoecological reconstruction;;;;;;;
;;;;150;322;;;Snowfall time-series reconstruction in Italy over the last 300 years;;;;;;;
;;;;151;323;131;;Meso-scale barrier estuary disturbance, response and recovery behaviour: Evidence of system equilibrium and resilience from high-resolution particle size analysis;United States;pescadero marsh natural reserve;;sedimentology;Holocene;;
;;;;152;324;;;Climatic potential of Islamic chronicles in Iberia: Extreme droughts (ad 711–1010);;;;;;;
;;;;153;325;;;Holocene book review: From the Pleistocene to the Holocene: Human Organization and Cultural Transformations in Prehistoric North America;;;;;;;
;;;;154;326;;;Erratum;;;;;;;
;;febrero;2014;155;327;;;Little Ice Age glaciers in Britain: Glacier–climate modelling in the Cairngorm Mountains;;;;;;;
;;;;156;328;;;Late-Holocene and Younger Dryas glaciers in the northern Cairngorm Mountains, Scotland;;;;;;;
;;;;157;329;;;Holocene environmental change in subarctic aeolian dune fields: The chronology of sand dune re-activation events in relation to forest fires, palaeosol development and climatic variations in Finnish Lapland;;;;;;;
;;;;158;330;;;Long-term mass balance of perennial firn and ice in an Alpine cave (Austria): Constraints from radiocarbon-dated wood fragments;;;;;;;
;;;;159;331;;;High-resolution productivity record and reconstruction of ENSO dynamics during the Holocene in the Eastern Equatorial Pacific using coccolithophores;;;;;;;
;;;;160;332;;;Holocene landscape changes and wood use in Patagonia: Plant macroremains from Cerro Casa de Piedra 7;;;;;;;
;;;;161;333;;;Surface air temperature variability reconstructed with tree rings for the Gulf of Alaska over the past 1200 years;;;;;;;
;;;;162;334;;;Late-Holocene paleoclimate and treeline fluctuation in Wyoming’s Wind River Range, USA;;;;;;;
;;;;163;335;132;;Late-Holocene faunal and landscape change in the Bahamas;Bahamas;26.10457 N;77.177666 W;Geochemistry;Holocene;;
;;;;164;336;133;13;Pre-Columbian raised-field agriculture and land use in the Bolivian Amazon;Bolivia;13 15 S;65 23 W;polen;Late Holocene;One local affiliation. Coauthor;America
;;;;165;337;;;From west to east: Environmental influences on the rate and pathways of Polynesian colonization;;;;;;;
;;;;166;338;;;Holocene book review: Antarctica: Global Science from a Frozen Continent;;;;;;;
;;enero;2014;167;339;;;Impacts of mid- to late-Holocene land use on residual hill geomorphology: A remote sensing and archaeological evaluation of human-related soil erosion in central Karnataka, South India;;;;;;;
;;;;168;340;134;;Carbon isotope composition as indicator for climatic changes during the middle and late Holocene in a peat bog from Maramureş Mountains (Romania);Romania;47 50 N;24 36 E;stable isotope analysis;mid holocene;;
;;;;169;341;;;Reconstruction of Holocene coastal progradation on the east coast of Korea based on OSL dating and GPR surveys of beach-foredune ridges;;;;;;;
;;;;170;342;;;Fire and forest history of central European low mountain forest sites based on soil charcoal analysis: The case of the eastern Harz;;;;;;;
;;;;171;343;;;Investigation of late-Holocene moraines in the western Southern Alps, New Zealand, applying Schmidt-hammer exposure-age dating;;;;;;;
;;;;172;344;;;Impact of the spatial and thematic resolution of Holocene anthropogenic land-cover scenarios on modeled soil erosion and sediment delivery rates;;;;;;;
;;;;173;345;135;;Late-Holocene temperature and precipitation changes in Vindelfjällen, mid-western Swedish Lapland, inferred from chironomid and geochemical data;Sweden;66 14 N;15 43 E;Chironomid;Late Holocene;;
;;;;174;346;;;Sub sea surface temperatures in the Polar North Atlantic during the Holocene: Planktic foraminiferal Mg/Ca temperature reconstructions;;;;;;;
;;;;175;347;;;Late-Holocene climatic variability indicated by three natural archives in arid southern Australia;;;;;;;
;;;;176;348;;;Vegetation history, agricultural intensification, and changes in wood-resource utilization in ancient Southwest Korea (1500 bc–ad 700);;;;;;;
;;;;177;349;;;Book review: Handbook of Plant Palaeoecology;;;;;;;
;;;;178;350;;;Book review: Environmental Hazards: Assessing Risk and Reducing Disaster;;;;;;;
23;12;December;2013;1;351;;;Towards quantitative reconstruction of peatland nutrient status from fens;;;;;;;
;;;;2;352;136;;Evaluating paleoproxies for peat decomposition and their relationship to peat geochemistry;Sweden;57 15 N;13 55 E;;;;
;;;;3;353;;;A comparison between multiproxy and historical data (ad 1990–1840) of drift ice conditions on the East Greenland Shelf (~66°N);;;;;;;
;;;;4;354;;;Identifying possible tsunami deposits on the Shizuoka Plain, Japan and their correlation with earthquake activity over the past 4000 years;;;;;;;
;;;;5;355;;;Holocene changes in marine productivity and terrestrial organic carbon inputs into an Icelandic fjord: Application of molecular and bulk organic proxies;;;;;;;
;;;;6;356;;;The potential of the marine bivalve mollusc Glossus humanus (L.) as a sclerochronological archive;;;;;;;
;;;;7;357;137;;Holocene climate variations retrieved from Gun Nuur lake-sediment core in the northern Mongolian Plateau;Mongolia;50 15 N;106 37 E;;;;
;;;;8;358;;;Geological evidence for a drought episode in the western Pampas (Argentina, South America) during the early–mid 20th century;;;;;;;
;;;;9;359;138;;The role of tree composition in Holocene fire history of the hemiboreal and southern boreal zones of southern Sweden, as revealed by the application of the Landscape Reconstruction Algorithm: Implications for biodiversity and climate-change issues;Sweden;56 52 N;49 34 E;;;;
;;;;10;360;139;;Recent climatic and anthropogenic imprints on lacustrine systems in the Pyrenean Mountains inferred from minerogenic and organic clastic supply (Vicdessos valley, Pyrenees, France);France;42 45 N;01 25 E;;;;
;;;;11;361;;;Ancient origin of a rainforest in Gabon as revealed by carbon isotope data of vegetation and soil;;;;;;;
;;;;12;362;;;Evidence of historic infilling of valleys in Lanzarote after the Timanfaya eruption (ad 1730–1736, Canary Islands, Spain);;;;;;;
;;;;13;363;140;;Holocene and historical vegetation change and fire history on the north-central coast of California, USA;United States;37 59 N;122 47 W;;;;
;;;;14;364;;;Mollusc succession of a prehistoric settlement area during the Holocene: A case study of the České středohoří Mountains (Czech Republic);;;;;;;
;;;;15;365;;;Changes in large rainstorm magnitude–frequency over the last century in Sabah, Malaysian Borneo and their geomorphological implications;;;;;;;
;;;;16;366;;;Mid-Holocene sea-level and coral reef demise: U-Th dating of subfossil corals in Moreton Bay, Australia;;;;;;;
;;;;17;367;141;14;Tracking land-cover changes with sedimentary charcoal in the Afrotropics;Central African Republic;04 49 N;18 15 E;;;"Several local affiliations. Coauthors
 ";Afrca
;;;;18;368;142;;Non-reversible geosystem destabilisation at 4200 cal. BP: Sedimentological, geochemical and botanical markers of soil erosion recorded in a Mediterranean alpine lake;France;44 06 N;07 11 E;;;;
;;;;19;369;;;Chronology and controls of donga (gully) formation in the upper Blood River catchment, KwaZulu-Natal, South Africa: Evidence for a climatic driver of erosion;;;;;;;
;;;;20;370;143;;7000 years of vegetation history and land-use changes in the Morvan Mountains (France): A regional synthesis;France;46 57 N;04 18 E;;;;
;;;;21;371;144;15;Palaeohydrological controls on sedimentary organic matter in an Amazon floodplain lake, Lake Maracá (Brazil) during the late Holocene;Brazil;02 00 S;54 04 W;;;Principal local affiliation;America
;;;;22;372;;;Mid-Holocene PMIP3/CMIP5 model results: Intercomparison for the South American Monsoon System;;;;;;;
23;11;November;2013;23;373;145;;Quantitative reconstruction of mid- to late-Holocene climate in NE China from peat cellulose stable oxygen and carbon isotope records and mechanistic models;China;42 20 N;126 22 E;;;;
;;;;24;374;146;;A palynological contribution to the environmental archaeology of a Mediterranean mountain wetland (North West Apennines, Italy);Italy;44 32 N;09 21 E;;;;
;;;;25;375;147;16;Forest disturbance, arboriculture and the adoption of rice in the Kelabit Highlands of Sarawak, Malaysian Borneo;Borneo;03 34 N;115 33 E;;;No local affiliations;Asia
;;;;26;376;148;17;Evidence of moist niches in the Bolivian Andes during the mid-Holocene arid period;Bolivia;16 12 S;68 03 W;;;Several local affiliations. Coauthors;America
;;;;27;377;;;Human–landscape interactions in the Bologna area (northern Italy) during the mid–late Holocene, with focus on the Roman period;;;;;;;
;;;;28;378;149;;High-resolution palynology, climate change and human impact on a late Holocene peat bog on Haida Gwaii, British Columbia, Canada;Canada;53 29 N;13 05 W;;;;
;;;;29;379;;;Palaeoenvironmental implications of the prehistorical catastrophes in relation to the Lajia Ruins within the Guanting Basin along the Upper Yellow River, China;;;;;;;
;;;;30;380;;;Postglacial spatiotemporal peatland initiation and lateral expansion dynamics in North America and northern Europe;;;;;;;
;;;;31;381;;;Late Weichselian and Holocene sedimentary palaeoenvironment and glacial activity in the high-arctic van Keulenfjorden, Spitsbergen;;;;;;;
;;;;32;382;;;Ecosystem service provision sets the pace for pre-Hispanic societal development in the central Andes;;;;;;;
;;;;33;383;150;;Determining the long-term changes in biodiversity and provisioning services along a transect from Central Europe to the Mediterranean;Italy;47 02 N;07 18 E;;;;
;;;;34;384;;;Nutrient cycling in the palaeorecord: Fluxes from terrestrial to aquatic ecosystems;;;;;;;
;;;;35;385;;;Phytolith evidence for the extent and nature of prehistoric Californian grasslands;;;;;;;
;;;;36;386;;;The effect of calibration data set selection on quantitative palaeoclimatic reconstructions;;;;;;;
23;10;October;2013;37;387;;;Biometric analysis of the stalked barnacle Pollicipes pollicipes, at a Holocene archaeological site in Jaizkibel (Basque Country, northern Spain);;;;;;;
;;;;38;388;151;;Stable isotopes in Sphagnum fuscum peat as late-Holocene climate proxies in northeastern European Russia;Russia;63 51 N;54 49 E;;;;
;;;;39;389;152;;Holocene climatic reconstructions from the fossil pollen record at Qigai Nuur in the southern Mongolian Plateau;Mongolia;39 30 N;109 30 E;;;;
;;;;40;390;;;Sensitivity of floodplain geoecology to human impact: A Holocene perspective for the headwaters of the Dijle catchment, central Belgium;;;;;;;
;;;;41;391;153;;Climatic and human impacts on mountain vegetation at Lauenensee (Bernese Alps, Switzerland) during the last 14,000 years;Switzerland;46 23 N;07 19 E;;;;
;;;;42;392;154;;Biogeochemical evidence for hydrologic changes during the Holocene in a lake sediment record from southeast Greenland;Antarctica;65 36 N;37 41 W;;;;
;;;;43;393;;;Climate of the past 2500 years in the Gulf of Taranto, central Mediterranean Sea: A high-resolution climate reconstruction based on δ18O and δ13C of Globigerinoides ruber (white);;;;;;;
;;;;44;394;;;Evolution and management of humid landscapes in northern Dauphiné (Rhone valley, France): Contribution of charcoal and wood studies;;;;;;;
;;;;45;395;;;Wildfire history and climatic change in the semi-arid loess tableland in the middle reaches of the Yellow River of China during the Holocene: Evidence from charcoal records;;;;;;;
;;;;46;396;155;;1200 years of decadal-scale variability of Mediterranean vegetation and climate at Pantelleria Island, Italy;Italy;36 49 N;11 59 E;;;;
;;;;47;397;;;A pilot study on absolute pollen productivity estimates from mires in Norway;;;;;;;
;;;;48;398;;;Re-deposited cryptotephra layers in Holocene peats linked to anthropogenic activity;;;;;;;
23;9;September;2013;49;399;;;Quantifying uncertainty in isotope dendroclimatology;;;;;;;
;;;;50;400;;;Climate imprints during the ‘Medieval Climate Anomaly’ and the ‘Little Ice Age’ in marine records from the Alboran Sea basin;;;;;;;
;;;;51;401;;;Joint interpretation of beach-ridge architecture and coastal topography show the validity of sea-level markers observed in ground-penetrating radar data;;;;;;;
;;;;52;402;156;;Effects of land use and climate change on erosion intensity and sediment geochemistry at Lake Lehmilampi, Finland;Finland;63 63 N;29 10 E;;;;
;;;;53;403;157;;A Holocene paleoclimate reconstruction for eastern Canada based on δ18O cellulose of Sphagnum mosses from Mer Bleue Bog;Canada;45 24 N;75 31 W;;;;
;;;;54;404;;;High-resolution modelling of mid-Holocene New Zealand climate at 6000 yr BP;;;;;;;
;;;;55;405;;;Holocene environmental change and human impact in NE Morocco: Palaeobotanical evidence from Ifri Oudadane;;;;;;;
;;;;56;406;;;Climate changes and human–environment interactions in the Apulia region of southeastern Italy during the Neolithic period;;;;;;;
;;;;57;407;158;;6700 yr sedimentary record of climatic and anthropogenic signals in Lake Aydat (French Massif Central);France;45 39 N;02 59 E;;;;
;;;;58;408;159;;Detecting climatic signals in an anthropogenically disturbed catchment: The late-Holocene record from the Petit Lac d’Annecy, French Alps;France;45 48 N;06 08 E;;;;
;;;;59;409;;;Holocene migration of lodgepole pine (Pinus contorta var. latifolia) in southern Yukon, Canada; ;;;;;;
;;;;60;410;160;;A 1700-year n-alkanes hydrogen isotope record of moisture changes in sediments from Lake Sugan in the Qaidam Basin, northeastern Tibetan Plateau;China;38 52 N;93 57 E;;;;
;;;;61;411;;;Consistency of plant-specific n-alkane patterns in plaggen ecosystems: A review;;;;;;;
23;8;August;2013;62;412;161;18;Temperature variability over Africa during the last 2000 years;Africa;06 15 S;29 30 E;;;Several local affiliations. Coauthors;Africa
;;;;63;413;;;A 426-year drought history for Western Tian Shan, Central Asia, inferred from tree rings and linkages to the North Atlantic and Indo–West Pacific Oceans;;;;;;;
;;;;64;414;162;19;A record of Holocene summer-season palaeohydrological changes from the southern margin of Chihuahua Desert (Mexico) and possible forcings;Mexico;22 39 N;101 53 W;;;Principal author and several coauhtors with local affiliations;America
;;;;65;415;;;Late-Holocene climate in the Lower Narmada valley, Gujarat, western India, inferred using sedimentary carbon and oxygen isotope ratios;;;;;;;
;;;;66;416;163;;Paleotemperature variability in central China during the last 13 ka recorded by a novel microbial lipid proxy in the Dajiuhu peat deposit;China;31 28 N;110 00 E;;;;
;;;;67;417;164;20;Holocene pollen records from Caution Bay, southern mainland Papua New Guinea;New Guinea;09 40 S;147 00 E;;;No local affiliations;Asia
;;;;68;418;;;Cervids in a dynamic northern landscape: Holocene changes in the relative abundance of moose and red deer at the limits of their distributions;;;;;;;
;;;;69;419;;;Testing the ‘addition and persistence model’ of invertebrate succession in a subalpine glacier-foreland chronosequence: Fåbergstølsbreen, southern Norway;;;;;;;
;;;;70;420;165;;Late-Holocene NAO and oceanic forcing on high-altitude proglacial sedimentation (Lake Bramant, Western French Alps);France;45 07 N;06 06 E;;;;
;;;;71;421;166;21;Coupled Rock-Eval pyrolysis and spectrophotometry for lacustrine sedimentary dynamics: Application for West Central African rainforests (Kamalété and Nguène lakes, Gabon);Gabon;00 43 S;11 46 E;;;Several local affiliations. Coauthors;Africa
;;;;72;422;;;Holocene floodplain deposition and scale effects in a typical European upland catchment: A case study from the Amblève catchment, Ardennes (Belgium);;;;;;;
23;7;July;2013;73;423;;;Reconstructions of surface ocean conditions from the northeast Atlantic and Nordic seas during the last millennium;;;;;;;
;;;;74;424;;;A late-Holocene bird community from Hispaniola: Refining the chronology of vertebrate extinction in the West Indies;;;;;;;
;;;;75;425;167;22;Mid- to late-Holocene Indian winter monsoon variability from a terrestrial record in eastern and southeastern coastal environments of Sri Lanka;Sri Lanka;06 45 N;81 48 E;;;Several local affiliations. Coauthors;Africa
;;;;76;426;168; ;Land-use changes and environmental dynamics in the upper Rhone valley since Neolithic times inferred from sediments in Lac Moras;France;45 40 N;05 16 E;;;;
;;;;77;427;;;Sensitivity, persistence and resolution of the geomorphological record of valley-floor floods in an alpine glacier-fed catchment, Leirdalen, Jotunheimen, southern Norway;;;;;;;
;;;;78;428;;;Microscopic fungi as subfossil woodland indicators;;;;;;;
;;;;79;429;169; ;Coherent rainfall response to middle- and late-Holocene climate variability across the mid-latitude South Pacific;New Zealand;39 15 S;176 55 E;;;;
;;;;80;430;;;A 7000-year sea-surface temperature record from CA-SRI-147, Santa Rosa Island, California, USA;;;;;;;
;;;;81;431;170; ;Mid- to late-Holocene reservoir-age variability and isotope-based palaeoenvironmental reconstruction in the Limfjord, Denmark;Denmark;56 30 N;08 34 E;;;;
;;;;82;432;171; ;A multiproxy record of postglacial climate variability from a shallowing, 12-m deep sub-alpine bog in the southeastern San Juan Mountains of Colorado, USA;United States;37 01 N;106 27 W;;;;
;;;;83;433;;;Holocene relative sea-level change and rate of sea-level rise from coastal deposits in the Toyooka Basin, western Japan;;;;;;;
;;;;84;434;172;;The charcoal record in peat and mineral soil across a boreal landscape and possible linkages to climate change and recent fire history;Norway;60 02 N;09 26 E;;;;
;;;;85;435;;;Stable carbon isotope values confirm a recent increase in grasslands in northwestern Madagascar;;;;;;;
;;;;86;436;;;Synchronous fluctuations of glaciers in the Alps and Altai in the second half of the Holocene;;;;;;;
23;6;June;2013;87;437;173;;A 950 yr temperature reconstruction from Duckhole Lake, southern Tasmania, Australia;Australia;43 20 S;146 45 E;;;;
;;;;88;438;174;;Holocene lake-level fluctuations in Lakes Keilambete and Gnotuk, southwestern Victoria, Australia;Australia;37 34 S;142 57 E;;;;
;;;;89;439;;;Holocene development and geomorphic processes at Omnsbreen, southern Norway: Evidence for glacier–permafrost interactions;;;;;;;
;;;;90;440;175;;Shieling activity in the Norse Eastern Settlement: Palaeoenvironment of the ‘Mountain Farm’, Vatnahverfi, Greenland;Greenland;60 50 N;45 17 W;;;;
;;;;91;441;176;;800 years of vegetation change, fire and human settlement in the Sierra Nevada of California, USA;United States;37 31 N;119 38 W;;;;
;;;;92;442;;;Phytolith evidence of mid-Holocene Capsian subsistence economies in North Africa;;;;;;;
;;;;93;443;;;Replicated stalagmite-inferred centennial-to decadal-scale monsoon precipitation variability in southwest China since the mid Holocene;;;;;;;
;;;;94;444;;;Influence of the Kuroshio Current intrusion on Holocene environmental transformation in the South China Sea;;;;;;;
;;;;95;445;;;Fluctuations of sediment accumulation rates in front of an Arctic delta in Greenland;;;;;;;
;;;;96;446;;;Biodiversity variability across elevations in the Carpathians: Parallel change with landscape openness and land use;;;;;;;
;;;;97;447;;;Holocene climate variability reflected in diatom-derived sea surface temperature records from the subpolar North Atlantic;;;;;;;
;;;;98;448;177;;Mollusks as indicators of historical changes in an estuarine-lagoonal system (Cananéia-Iguape, SE Brazil);Brazil;24 42 S;47 32 W;;;;
;;;;99;449;;;Grass páramo as hunter-gatherer landscape;;;;;;;
23;5;May;2013;100;450;;;The temporal and spatial distribution of dust storms on the North China Plain, ad 1464–1913;;;;;;;
;;;;101;451;178;23;Paleosecular variations refining the chronology of the sediments from the Pearl River Delta, southern China;China;22 42 N;113 30 E;;;All local affiliations;Asia
;;;;102;452;;;Paleoclimate of the Southern Adriatic Sea region during the ‘Medieval Climate Anomaly’ reflected by organic walled dinoflagellate cysts;;;;;;;
;;;;103;453;;;Influence of solar activity on breaching, overflowing and course-shifting events of the Lower Yellow River in the late Holocene;;;;;;;
;;;;104;454;179;;Tilia forest dynamics, Kretzschmaria deusta attack, and mire hydrology as palaeoecological proxies for mid-Holocene climate reconstruction in the Kashubian Lake District (N Poland);Poland;54 27 N;18 30 E;;;;
;;;;105;455;180;;Searching for ancient forests: A 2000 year history of land use in northeastern French forests deduced from the pollen compositions of closed depressions;France;49 49 N;04 39 E;;;;
;;;;106;456;;;Coupling of air and sea surface temperatures in the eastern Fram Strait during the last 2000 years;;;;;;;
;;;;107;457;;;Palliser’s Triangle: Reconstructing the ‘central desert’ of the southwestern Canadian prairies during the late 1850s;;;;;;;
;;;;108;458;181;24;A 2300 yr record of sago and rice use from the southern Kelabit Highlands of Sarawak, Malaysian Borneo;Malasya;03 33 N;115 33 E;;;No local affiliations;Asia
;;;;109;459;;;Reconstructing High Arctic growing season intensity from shoot length growth of a dwarf shrub;;;;;;;
;;;;110;460;;;Information content of zero pollen counts in Holocene profiles;;;;;;;
;;;;111;461;;;Climate and glacier mass balance trends from ad 1780 to present in the Columbia Mountains, British Columbia, Canada;;;;;;;
;;;;112;462;;;COMNISPA II: Update of a mid-European isotope climate record, 11 ka to present;;;;;;;
;;;;113;463;;;Summed radiocarbon probability density functions cannot prove solar forcing of Central European lake-level changes;;;;;;;
23;4;April;2013;114;464;;;A 1200-year multiproxy record of tree growth and summer temperature at the northern pine forest limit of Europe;;;;;;;
;;;;115;465;182;25;A late-Holocene vegetation history from the Maya lowlands, Lamanai, Northern Belize;Belize;17 40 N;88 39 W;;;No local affiliation;America
;;;;116;466;183;;Forest soil paludification and mid-Holocene retreat of jack pine in easternmost North America: Evidence for a climatic shift from fire-prone to peat-prone conditions;United States;50 15 N;63 34 W;;;;
;;;;117;467;;;Post-agrogenic evolution of soils in ancient Greek land use areas in the Herakleian Peninsula, southwestern Crimea;;;;;;;
;;;;118;468;184;;Holocene variability in hydrology, vegetation, fire, and eolian activity in the Nebraska Sand Hills, USA;United States;42 27 N;100 40 W;;;;
;;;;119;469;185;26;Morphological and vegetation changes on tidal flats of the Amazon Coast during the last 5000 cal. yr BP;Brazil;02 36 N;50 52 W;;;Principal and several local affiliations;America
;;;;120;470;;;Asynchronous Holocene colluvial and alluvial aggradation: A matter of hydrosedimentary connectivity;;;;;;;
;;;;121;471;186;;Ostracod palaeolimnological analysis reveals drastic historical changes in salinity, eutrophication and biodiversity loss in a coastal Mediterranean lake;Spanish;39 20 N;00 21 W;;;;
;;;;122;472;187;;Diatom-inferred changes in effective moisture during the late Holocene from nearshore cores in the southeastern region of the Winnipeg River Drainage Basin (Canada);Canada;49 27 N;91 53 W;;;;
;;;;123;473;;;Exploring the requirement for anthropogenic disturbance to assist the stand-scale expansion of Fagus sylvatica L. outside southern Scandinavia;;;;;;;
;;;;124;474;;;Agro-industrial alluvium in the Swale catchment, northern England, as an event marker for the Anthropocene;;;;;;;
;;;;125;475;;;Holocene subfossil records of the auroch (Bos primigenius) in Romania;;;;;;;
;;;;126;476;;;One hundred and thirty years since Darwin: ‘Reshaping’ the theory of atoll formation;;;;;;;
23;3;March;2013;127;477;;;Arctic climate over the past millennium: Annual and seasonal responses to external forcings;;;;;;;
;;;;128;478;;;Late-Holocene fluctuations of the Bear River Glacier, northern Coast Ranges of British Columbia, Canada;;;;;;;
;;;;129;479;;;Holocene palaeoclimate in the northern Sahara margin (Jefara Plain, northwestern Libya);;;;;;;
;;;;130;480;;;Lateglacial and Holocene coastal evolution in the Minho estuary (N Portugal): Implications for understanding sea-level changes in Atlantic Iberia;;;;;;;
;;;;131;481;;;Potential bias in ‘updating’ tree-ring chronologies using regional curve standardisation: Re-processing 1500 years of Torneträsk density and ring-width data;;;;;;;
;;;;132;482;;;Holocene palaeoceanographic evolution off West Greenland;;;;;;;
;;;;133;483;188; ;Lake highstands in the Pensacola Mountains and Shackleton Range 4300–2250 cal. yr BP: Evidence of a warm climate anomaly in the interior of Antarctica;Antarctica;80 26 S;29 26 W;;;;
;;;;134;484;;;The eastern Australian magnetic inclination record: Dating the recent past and re-assessing the historical geomagnetic archive;;;;;;;
;;;;135;485;;;Phytolith taphonomy in the middle- to late-Holocene fluvial sediments of Ounjougou (Mali, West Africa);;;;;;;
;;;;136;486;;;The Höfðahólar rock avalanche (sturzström): Chronological constraint of paraglacial landsliding on an Icelandic hillslope;;;;;;;
;;;;137;487;189; ;Solar forcing of climate during the last millennium recorded in lake sediments from northern Sweden;Sweden;68 21 N;19 03 E;;;;
;;;;138;488;;;Archaeological perspectives on the origins of azuki (Vigna angularis);;;;;;;
;;;;139;489;;;Mid-Holocene drought and lake-level change at Elk Lake, Clearwater County, Minnesota: Evidence from CHIRP seismic-reflection data;;;;;;;
23;2;February;2013;140;490;;;Mid-Holocene emergence of a low-frequency millennial oscillation in western Mediterranean climate: Implications for past dynamics of the North Atlantic atmospheric westerlies;;;;;;;
;;;;141;491;;;Mid- to late-Holocene oceanographic variability on the Southeast Greenland shelf;;;;;;;
;;;;142;492;190; ;Forest clearance and agricultural expansion on Rapa, Austral Archipelago, French Polynesia;Polynesia;27 35 S;144 34 W;;;;
;;;;143;493;;;Reconstructing late-Holocene environmental change in Iceland using high-resolution tephrochronology;;;;;;;
;;;;144;494;;;Palaeoenvironment and agriculture of ancient Loulan and Milan on the Silk Road;;;;;;;
;;;;145;495;;;Late-Holocene evolution of a floodplain impounded by the Smrdutá landslide, Carpathian Mountains (Czech Republic);;;;;;;
;;;;146;496;191;;Formation, succession and landscape history of Central-European summit raised bogs: A multiproxy study from the Hrubý Jeseník Mountains;Czech Republic;50 9 N;17 6 E;;;;
;;;;147;497;192;;Long-term forest dynamics at Gribskov, eastern Denmark with early-Holocene evidence for thermophilous broadleaved tree species;Denmark;56 00 N;12 20 E;;;;
;;;;148;498;;;Changes in the Erica ciliaris Loefl. ex L. peat bogs of southwestern Europe from the 17th to the 20th centuries ad;;;;;;;
;;;;149;499;;;Annual chronology and climate response in Abies guatemalensis Rehder (Pinaceae) in Central America;;;;;;;
;;;;150;500;193;27;A 7000 year record of paleohurricane activity from a coastal wetland in Belize;Belize;16 50 N;88 20 W;;;No local affiliation;America
;;;;151;501;;;Seven centuries of avalanche activity at Echalp (Queyras massif, southern French Alps) as inferred from tree rings;;;;;;;
;;;;152;502;194;;The origin of grassy balds in the Bunya Mountains, southeastern Queensland, Australia;Australia;26 52 S;151 35 E;;;;
23;1;January;2013;153;503;;;Climatic control of the biomass-burning decline in the Americas after ad 1500;;;;;;;
;;;;154;504;;;Pollen productivity estimates strongly depend on assumed pollen dispersal;;;;;;;
;;;;155;505;195;;Wetland chronosequence as a model of peatland development: Vegetation succession, peat and carbon accumulation;Finland;64 45 N;24 42 E;;;;
;;;;156;506;;;Tree-ring derived millennial precipitation record for the south-central Tibetan Plateau and its possible driving mechanism;;;;;;;
;;;;157;507;;;Continuity and change in the vegetation of a Central European oakwood;;;;;;;
;;;;158;508;196;;Vegetation history and dynamics in the middle reach of the Yangtze River during the last 1500 years revealed by sedimentary records from Taibai Lake, China;China;29 59 N;115 48 E;;;;
;;;;159;509;197;;Pollen and macrofossil evidence of Late Pleistocene and Holocene treeline fluctuations from an alpine lake in Colorado, USA;United States;39 19 N;106 07 W;;;;
;;;;160;510;198;28;Maize pollen concentrations in Neotropical lake sediments as an indicator of the scale of prehistoric agriculture;Costa Rica;08 50 N;82 55 W;;;No local Affiliation;America
;;;;161;511;;;The development of agriculture and its impact on cultural expansion during the late Neolithic in the Western Loess Plateau, China;;;;;;;
;;;;162;512;;;Dendroglaciological investigations of mid- to late-Holocene glacial activity in the Mt. Waddington area, British Columbia Coast Mountains, Canada;;;;;;;
;;;;163;513;;;Living at the margin of the retreating Fennoscandian Ice Sheet: The early Mesolithic sites at Aareavaara, northernmost Sweden;;;;;;;
;;;;164;514;;;Lateglacial and early-Holocene palaeohydrological changes in the upper reaches of the Ūla River: An example from southeastern Lithuania;;;;;;;
;;;;165;515;;;History and evolution of Mesolithic landscapes in the Haut-Quercy (Lot, France): New charcoal data from archaeological contexts;;;;;;;
;;;;166;516;199;;Climate, vegetation and land use as drivers of Holocene sedimentation: A case study from Lake Saint-Point (Jura Mountains, eastern France);France;46 48 N;06 12 E;;;;
