"","Achnanthes.brevipes.var.brevipes","Achnanthes.cf.convergens","Achnanthes.cf.marginatula","Achnanthes.daoensis","Achnanthes.gibberula.var.gibberula","Achnanthes.sp.1","Achnanthes.sp.1.CUBILCHE","Achnanthes.sp.2","Achnanthes.wellsiae","Achnanthidium.catenatum","Achnanthidium.cf.catenatum","Achnanthidium.exiguum","Achnanthidium.microcephalum","Achnanthidium.minutissimum","Achnanthidium.minutissimum.var.minutissima","Adlafia.bryophila","Adlafia.minuscula","Amphora.coffeaeformis","Amphora.lybica","Amphora.ovalis","Amphora.pediculus","Amphora.perpusilla","Amphora.sp.1","Amphora.sp.3","Amphora.sp.4","Amphora.sp.5","Amphora.veneta","Asterionella.sphaerophora.f.costata","Aulacoseira.alpigena","Aulacoseira.ambigua","Aulacoseira.cf.distans","Aulacoseira.cf.distans.var.septentrionalis","Aulacoseira.cf.valida","Aulacoseira.crenulata.var.crenulata","Aulacoseira.distans.var.distans","Aulacoseira.distans.var.humilis","Aulacoseira.granulata","Aulacoseira.granulata.var.angustissima","Aulacoseira.italica","Aulacoseira.italica.var.tenuissima","Aulacoseira.perglabra","Aulacoseira.sp.1..ESTRELLASCOCHA","Aulacoseira.sp.1.YANACOCHA","Aulacoseira.spp","Brachysira.apiculata","Brachysira.brebissoni","Brachysira.brebissonii","Brachysira.microcephala","Brachysira.neoexilis","Brachysira.serians.var.acuta","Caloneis.alpestris.var.1","Caloneis.bacillum","Caloneis.bacillum.var.1","Caloneis.oregonica.var.oregonica","Caloneis.oregonica.var.quadrilineata","Caloneis.sp..2","Caloneis.sp..3","Caloneis.sp.1","Caloneis.sp.1.HUARMICOCHA","Caloneis.sp.1.MARMOLCOCHA","Caloneis.sp.2.MARMOLCOCHA","Caloneis.ventricosa.var.1","Caloneis.ventricosa.var.subundulata","Cavinula.cocconeiformis","Cavinula.pseudoscutiformis","Cavinula.scutiformis","Chamaepinnularia.soehrensis","Chamaepinnularia.soehrensis.var.hassiaca","Cocconeis.cf.pseudothumensis","Cocconeis.distans","Cocconeis.neothumensis","Cocconeis.placentula.var.euglypta","Cocconeis.placentula.var.lineata","Cocconeis.placentula.var.placentula","Cocconeis.soukupi","Coscinodiscus.rothii","Coscinodiscus.rothii.var.1","Craticula.acidoclinata","Craticula.cuspidata","Craticula.cuspidata.var.major","Craticula.cuspidata.var.obtusa","Craticula.halophila","Craticula.pampeana","Craticula.vixvisibilis","Ctenophora.pulchella","Cyclostephanos.dubius","Cyclotella..pseudostelligera","Cyclotella.cf.distingueda","Cyclotella.glomerata","Cyclotella.kutzingiana.var.plantephora","Cyclotella.meneghiniana","Cyclotella.sp.1","Cyclotella.sp.3","Cyclotella.spp","Cyclotella.Toreadora.sp..1","Cymatopleura.librile","Cymatopleura.solea","Cymbella..eligensis","Cymbella..laevis","Cymbella..mexicana","Cymbella.affinis.var.affinis","Cymbella.angustata","Cymbella.aspera","Cymbella.cf.affinis","Cymbella.cymbiformis.cystula","Cymbella.cymbiformis.var.cymbiformis","Cymbella.cymbiformis.var.nonpunctata","Cymbella.elegans","Cymbella.excisa.var.angusta","Cymbella.gastroides.var.gastroides","Cymbella.lanceolata","Cymbella.Llaviacu.sp.1","Cymbella.neocistula","Cymbella.parva","Cymbella.sp.1","Cymbella.sp.10","Cymbella.sp.3","Cymbella.sp.5","Cymbella.sp.6","Cymbella.sp.7","Cymbella.sp.8","Cymbella.sp.9","Cymbella.spp","Cymbella.subtilis","Cymbella.tumida","Cymbella.tumidula.var.tumidula","Cymbellonitzschia.diluviana","Cymbopleura.acuta","Cymbopleura.amphicephala","Cymbopleura.hauckii","Cymbopleura.hybrida","Cymbopleura.inaequalis","Cymbopleura.inca","Cymbopleura.naviculiformis","Cymbopleura.rainierensis","Denticula.kuetzingii","Diadesmis.contenta","Diadesmis.gallica","Diatoma.mesodon","Diatoma.tenuis","Diploneis.elliptica.var.elliptica","Diploneis.ovalis","Diploneis.pseudovalis.var.pseudovalis","Diploneis.smithii","Diploneis.smithii.var.dilatata","Diploneis.smithii.var.pumila","Diploneis.subovalis","Discostella.stelligera","Encyonema..brehmii","Encyonema..lunatum","Encyonema.cf.gracile","Encyonema.cf.minutiforme","Encyonema.gaeumannii","Encyonema.gracile","Encyonema.latens","Encyonema.minuta.var.pseudogracilis","Encyonema.minutiforme","Encyonema.minutum","Encyonema.minutum.1","Encyonema.muelleri","Encyonema.neogracile","Encyonema.neomesianum","Encyonema.norvegicum","Encyonema.paradoxum","Encyonema.perpusillum","Encyonema.schneideri","Encyonema.silesiacum","Encyonema.sp.1.LLAVIUCU","Encyonema.tenuissimum","Encyonopsis.cesatii","Encyonopsis.cesattii..small.form.","Encyonopsis.cf.cesatii","Encyonopsis.cf.difficiliformis","Encyonopsis.cf.krammerioides","Encyonopsis.descripta","Encyonopsis.microcephala","Encyonopsis.microcephala.var.crassa","Encyonopsis.minuta","Encyonopsis.sp.1.CUBILCHE","Encyonopsis.subminuta","Eolimna.cf.subminuscula","Eolimna.minima","Eolimna.sp.1.CARICOCHA","Epithemia.adnata","Epithemia.adnata.var.adnata","Epithemia.adnata.var.minor","Epithemia.adnata.var.porcellus","Epithemia.argus","Epithemia.argus.var.alpestris","Epithemia.argus.var.argus","Epithemia.argus.var.longicornis","Epithemia.argus.var.protracta","Epithemia.emarginata","Epithemia.sorex","Epithemia.sorex.var.sorex","Epithemia.sp.1","Epithemia.sp.3","Epithemia.spp","Epithemia.turgida","Epithemia.turgida.var.granulata","Epithemia.turgida.var.turgida","Eucocconeis..flexella","Eucocconeis.alpestris","Eucocconeis.flexella","Eucocconeis.laevis","Eunotia..pectinalis.var.ventricosa","Eunotia.arcus","Eunotia.bilunaris","Eunotia.cf.andinofrequens","Eunotia.cf.arcus","Eunotia.cf.faba","Eunotia.cf.yberai","Eunotia.curvata.var.curvata","Eunotia.diodon","Eunotia.elegans","Eunotia.exigua","Eunotia.faliax","Eunotia.flexuosa","Eunotia.gibbosa","Eunotia.hugenottarum","Eunotia.implicata","Eunotia.incisa","Eunotia.intermedia","Eunotia.microcephala","Eunotia.microcephala.var.tridentata","Eunotia.muscicola.var.tridentula","Eunotia.parallela.var.parallela","Eunotia.pectinalis","Eunotia.pectinalis.var.1","Eunotia.pectinalis.var.minor","Eunotia.sp.1","Eunotia.sp.1.CUBILCHE","Eunotia.sp.1.HUARMICOCHA..cf.flexuosa.","Eunotia.sp.1.LLAVIUCU","Eunotia.sp.2.CUBILCHE","Eunotia.spp","Eunotia.tarkwaensis","Eunotia.tenella","Eunotia.trigibba","Eunotia.triodon","Eunotia.triodon.var.1","Eunotioforma.elongata","Fragilaria..pantocsekii","Fragilaria.capucina","Fragilaria.capucina.var.gracilis","Fragilaria.capucina.var.gracilis.1","Fragilaria.cf.capucina","Fragilaria.crotonensis","Fragilaria.intermedia","Fragilaria.pinnata.var.lancettula","Fragilaria.santamarensis","Fragilaria.sp.1","FragilarIa.sp.1.HUAMANMARCA","Fragilaria.sp.1.HUARMICOCHA","Fragilaria.sp.3","Fragilaria.sp.4","Fragilaria.sp.5","Fragilaria.spp","Fragilaria.tabulata.var.truncata","Fragilaria.tenera","Fragilaria.vaucheriae","Fragilariforma.bicapitata","Fragilariforma.virescens","Fragilariforma.virescens.var.oblongella","Frustulia.amphipleuroides","Frustulia.crassinerva","Frustulia.rhomboides","Frustulia.rhomboides.var.capitata","Frustulia.rhomboides.var.viridula","Frustulia.saxonica","Frustulia.vulgaris","Geissleria.decussis","Geissleria.kuegeri","Gomphonema..consector","Gomphonema..dichotomum","Gomphonema..pumilum","Gomphonema.acuminatum","Gomphonema.affine.var.insigne","Gomphonema.angustatum","Gomphonema.angustatum.var.citera","Gomphonema.auritum","Gomphonema.cf.camburnii","Gomphonema.cf.minusculum","Gomphonema.cf.netriviale","Gomphonema.cf.subtile","Gomphonema.dubravicense","Gomphonema.exilissimum","Gomphonema.gracile","Gomphonema.gracile.var.gracile.f..turris","Gomphonema.lagenula","Gomphonema.manubrium","Gomphonema.parvulum","Gomphonema.pseudotenellum","Gomphonema.sp.1","Gomphonema.sp.1.CHIRIACU","Gomphonema.sp.1.ESTRELLANI","Gomphonema.sp.1.LLAVIUCU..cf.netriviale.","Gomphonema.sp.2","Gomphonema.sp.2.CHIRIACU","Gomphonema.sp.2.LLAVIUCU..cf.variostriatum.","Gomphonema.sp.4","Gomphonema.spp","Gomphonema.subclavatum","Gomphonema.subclavatum.var.mexicanum","Gomphonema.truncatum","Gomphonema.truncatum.var.capitatum","Gomphonema.variostriatum","Gomphonema.vibrioides","Hannaea.arcus","Hannea.sp.1","Hantzschia.abundans","Hantzschia.amphioxys.var.aequalis","Hantzschia.elongata","Hantzschia.pseudomarina","Hippodonta.sp.1.CHIRIACU","Hungarica.capitata","Karayevia.carissima","Kobayasiella.cf.pseudosubtillisima","Kobayasiella.subtilissima","Lemnicola.hungarica","Luticola.cohnii","Luticola.mutica","Luticola.mutica.var.undulata","Luticola.sp.1","Mastogloia.elliptica.var.danseii","Mastogloia.smithii.var.lacustris","Mayamaea.atomus","Melosira.fennoscandica","Melosira.varians","Meridion.circulare","Muelleria.gibbula","Navicula.amphibola","Navicula.angusta","Navicula.arvensis","Navicula.bicephala","Navicula.canalis","Navicula.cari","Navicula.cf.chiarae","Navicula.cf.gerlofii","Navicula.cf.wildii","Navicula.cincta.var.rostrata","Navicula.cryptocephala","Navicula.cryptotenella","Navicula.gondwana","Navicula.heimansioides","Navicula.heimansioides.sensu","Navicula.heufleri.var.leptocephala","Navicula.ilopangoensis","Navicula.odiosa","Navicula.pseudocari","Navicula.pseudoreinhardtii","Navicula.pseudoventralis","Navicula.radiosa","Navicula.radiosa.var.parva","Navicula.rhynchocephela","Navicula.salinarum.var.1","Navicula.sp..11","Navicula.sp..12","Navicula.sp..5","Navicula.sp..6","Navicula.sp.1.NAPALE","Navicula.spp","Navicula.subrotunda","Navicula.Toereadora.sp.1","Navicula.tripunctata","Navicula.tripunctata.var.schizonemoides","Navicula.trivialis","Navicula.veneta","Navicula.viridula","Navicula.viridula.var.linearis","Navicula.viridulacalcis","Navicula.vulpina","Navicymbula.pusilla","Neidium.affine","Neidium.ampliatum","Neidium.bisulcatum","Neidium.bisulcatum.var.baicalense","Neidium.dubium","Neidium.floridanum","Neidium.hercynicum.f.subrostratum","Neidium.iridis","Neidium.iridis.var.amphigomphus","Neidium.maximum","Nitzschia.acicularis","Nitzschia.acuta","Nitzschia.alpina","Nitzschia.alpinobacillum","Nitzschia.amphibia","Nitzschia.angustata.var.acuta","Nitzschia.cf.incognita","Nitzschia.cf.palea","Nitzschia.cf.perminuta","Nitzschia.cf.suchlandtii","Nitzschia.commutata","Nitzschia.dealpina","Nitzschia.dissipata","Nitzschia.fonticola","Nitzschia.frustulum","Nitzschia.gracilis","Nitzschia.homburgiensis","Nitzschia.inconspicua","Nitzschia.lacunarum","Nitzschia.lacuum","Nitzschia.lanceolata","Nitzschia.latestriata","Nitzschia.linearis","Nitzschia.microcephala","Nitzschia.oberheimiana","Nitzschia.palea","Nitzschia.paleacea","Nitzschia.perminuta","Nitzschia.recta","Nitzschia.sigmoidea","Nitzschia.sinuata.var.delognei","Nitzschia.socialis","Nitzschia.sp.2","Nitzschia.sp.3","Nitzschia.sp.5","Nitzschia.sp.8","Nitzschia.spp","Nitzschia.sublinearis","Nitzshia fonticola/lacuum","Nupela.sp.1.CHIRIACU","Orthoseira.roseana","Orthoseira.roseana.var.spiralis","Pinnularia.abaujensis","Pinnularia.abaujensis.var.linearis","Pinnularia.abaujensis.var.subundulata","Pinnularia.acrosphaeria","Pinnularia.acuminata.var.cuyabenensis","Pinnularia.acuminata.var.instabilis.f..cuyabenensis","Pinnularia.alpina","Pinnularia.appendiculata","Pinnularia.borealis","Pinnularia.brauniana","Pinnularia.brebissonii.var.1","Pinnularia.brevicostata","Pinnularia.brevicostata.var.1","Pinnularia.burkii","Pinnularia.divergentissima","Pinnularia.gibba.1","Pinnularia.gigaformis","Pinnularia.gracilioides","Pinnularia.hilseana","Pinnularia.intermedia","Pinnularia.julma","Pinnularia.latevittata","Pinnularia.latevittata.var.domingensis","Pinnularia.martinii","Pinnularia.microstauron","Pinnularia.microstauron.f.altitudinalis","Pinnularia.mormonorum","Pinnularia.notabilis","Pinnularia.platycephala","Pinnularia.ruttneri","Pinnularia.sp.1.JIGENO","Pinnularia.sp.1.LLAVIUCU","Pinnularia.sp.1.PIÑANCOCHA","Pinnularia.sp.10","Pinnularia.sp.12","Pinnularia.sp.2","Pinnularia.sp.4","Pinnularia.spp","Pinnularia.streptoraphe.var.acuta","Pinnularia.subcapitata","Pinnularia.subcapitata.var.elongata","Pinnularia.subcapitata.var.paucistriata","Pinnularia.subgibba","Pinnularia.sudetica","Pinnularia.viridis","Planothidium.dubium","Planothidium.lanceolatum","Planothidium.sp.1.CHIRIACU","Pleurosigma.elongatum","Psammothidium.cf.curtissimum","Psammothidium.cf.grischunum","Psammothidium.grischunum","Psammothidium.lacus.vulcani","Psammothidium.sp.1.NAPALE","Psammothidium.subatomoides","Pseudostaurosira.brevistriata","Pseudostaurosira.brevistriata.var.capitata","Pseudostaurosira.cf.brevistriata.var.inflata","Pseudostaurosira.laucensis.var.vulpina","Pseudostaurosira.pseudoconstruens","Pseudostaurosira.subsalina","Reimeria.sinuata","Rhoicosphenia.abbreviata","Rhopalodia.gibba","Rhopalodia.gibba.var.ventricosa","Rhopalodia.gibberula.var.vanhuerckii","Rhopalodia.paralella","Rhopalodia.sp.1","Rossithidium.petersenii","Rossithidium.pusillum","Sellaphora.bacillum","Sellaphora.disjuntca","Sellaphora.laevissima","Sellaphora.mutata","Sellaphora.pupula","Sellaphora.pupula.var.capitata","Sellaphora.rectangularis","Sellaphora.seminulum","Sellaphora.vitabunda","Sellaphora.wittrockii","Stauroforma.exiguiformis","Stauroneis.anceps","Stauroneis.anceps.var.constricta","Stauroneis.fluminea","Stauroneis.frickii","Stauroneis.gracilis","Stauroneis.phoenicenteron","Staurosira.construens","Staurosira.construens.var.pumila","Staurosira.construens.var.venter","Staurosira.sp.1.NAPALE","Staurosirella.leptostauron","Staurosirella.leptostauron.1","Staurosirella.leptostauron.var.dubia","Staurosirella.pinnata","Staurosirella.spp","Stenopterobia.curvula","Stenopterobia.delicatissima","Stenopterobia.delicatissima.var.africana","Stenopterobia.delicatissima.var1","Stenopterobia.delicatissima.var2","Stenopterobia.densistriata","Stenopterobia.intermedia","Stephanodiscus.hantzschii.f..tenuis","Stephanodiscus.minutulus","Surirella.guatimalensis","Surirella.linearis","Surirella.linearis.var.constricta","Surirella.ovalis","Surirella.sp.1.CUBILCHE","Surirella.sp.1.PIÑANCOCHA","Surirella.spp","Surirella.striatula","Surirella.tenera","Surirella.terricola","Synedra.acus","Synedra.filiformis.var.exilis","Synedra.gracilis","Synedra.rumpens","Synedra.sp.1","Tabellaria.fenestrata","Tabellaria.flocculosa","Tabellaria.flocculosa..strain.IV.","Tabellaria.tabulata","Tabellaria.ventricosa","Tetracyclus.lacustris","Trybionella.sp.1","Tryblionella.acuta","Tryblionella.tryblionella","Ulnaria.biceps","Ulnaria.cf.ulna","Ulnaria.cf.ulna.var.amphyrhynchus","Ulnaria.cf.ulna.var.danica","Ulnaria.contracta","Ulnaria.danica","Ulnaria.oxyrhynchus","Ulnaria.ulna","Ulnaria.ulna.var.chaseana","Ulnaria.ulna.var.subaequalis","Unknown"
"Ecdr-An_Anteojos",0,0,0,0,0,0,0,0,0,0,0,0,1,0,0,0,0,0,0,0,0,0,0,0,0,0,0,0,0,0,0,0,0,0,0,0,0,0,1,0,0,0,0,0,0,0,0,0,0,0,0,1,0,0,0,0,0,0,0,0,0,0,0,0,1,0,0,0,0,0,0,0,0,0,0,0,0,0,0,0,0,0,0,0,0,0,0,0,0,0,0,0,0,0,0,0,0,0,0,0,0,0,1,0,0,0,0,0,0,0,0,0,0,0,0,0,0,0,0,0,0,0,0,0,0,0,0,0,1,0,0,0,0,0,0,0,0,0,0,0,0,0,0,0,0,0,0,0,1,0,0,0,0,0,1,0,0,1,0,0,0,0,0,0,0,0,0,0,0,0,0,0,0,0,0,0,0,0,0,0,0,0,0,0,0,0,0,0,0,0,0,0,0,0,0,0,0,0,0,0,0,0,0,0,0,0,0,0,0,0,0,0,0,1,0,0,1,0,1,0,0,0,1,1,0,0,0,0,1,0,0,0,0,0,0,0,0,0,0,0,1,0,0,0,0,0,0,0,0,0,0,0,0,0,0,0,0,0,0,0,0,0,0,0,0,0,1,0,0,0,0,0,0,0,0,0,0,0,0,0,0,0,0,0,0,0,0,1,0,0,0,1,0,0,0,0,0,0,0,0,0,0,0,0,0,0,0,0,0,0,1,1,0,0,0,0,0,0,0,0,0,0,0,0,0,0,0,0,0,0,0,0,0,0,0,0,0,0,0,0,0,0,0,1,0,0,0,0,0,0,0,0,0,0,0,0,0,0,0,0,0,0,0,0,0,0,0,0,0,0,0,0,0,0,0,0,0,0,0,0,0,0,0,0,0,0,0,0,0,0,0,0,0,0,0,0,1,0,0,0,0,0,0,0,0,1,0,0,0,0,0,0,0,0,0,0,0,0,0,0,0,0,0,0,0,0,0,0,0,0,0,0,0,1,0,0,0,1,0,0,0,0,0,0,0,0,0,0,0,0,0,0,0,0,0,0,0,0,0,0,0,0,0,0,0,0,0,0,0,0,0,0,0,0,0,0,0,0,0,0,0,0,0,0,0,0,0,0,0,0,0,0,0,0,0,0,0,0,1,0,0,0,0,0,0,0,1,0,0,0,0,1,1,0,0,0,0,0,0,0,0,1,0,1,0,0,0,0,0,1,1,1,0,1,0,0,0,0,0,0,0,0,0,0,0,1,1,0,0,0,0,0,0,0,0,0,0,0,0,0,0,0,0,0,0
"Ecdr-An_Caricoha",0,0,0,0,0,1,0,0,0,0,0,0,1,0,1,0,1,0,0,1,0,0,0,0,0,0,0,0,0,0,0,0,0,0,0,0,1,1,0,0,0,0,0,0,0,0,1,0,1,0,0,0,0,0,0,0,0,0,0,0,0,0,0,0,1,0,0,0,0,0,0,0,0,0,1,0,0,0,0,0,0,1,0,0,0,0,0,0,1,0,0,1,0,0,0,0,0,0,0,0,0,0,0,0,0,0,0,0,0,0,0,0,0,0,0,1,1,0,0,0,0,1,0,0,0,0,0,0,0,0,0,0,0,0,0,0,0,0,0,0,0,0,0,0,1,0,0,0,0,0,0,0,0,0,1,1,0,1,0,0,0,0,0,0,0,0,0,0,0,0,0,0,0,0,0,0,0,0,0,0,0,0,0,0,1,0,0,0,0,0,0,0,0,0,0,0,1,0,0,0,0,0,0,0,0,0,0,0,0,0,0,0,0,0,0,0,0,0,0,0,0,0,0,0,0,0,0,0,0,0,0,0,0,0,0,0,0,0,0,0,0,0,0,0,0,0,0,0,0,0,0,1,0,0,0,0,0,0,0,0,0,0,0,0,0,0,1,0,0,0,1,0,0,0,0,0,0,0,0,0,0,0,0,0,0,0,0,0,0,1,0,0,0,1,0,0,0,0,0,0,0,0,0,0,1,0,0,0,0,0,0,0,0,1,0,0,0,0,0,0,0,0,0,0,0,0,0,0,0,0,0,0,1,0,0,0,0,0,0,0,0,0,0,0,0,0,0,0,0,0,0,0,0,0,1,0,0,0,0,0,0,0,0,0,0,0,0,0,0,0,0,0,0,0,0,0,0,0,0,0,0,1,0,0,1,0,0,0,0,0,0,0,0,0,0,0,1,0,0,0,0,0,0,0,0,0,0,0,1,0,0,0,0,0,0,0,1,0,0,0,0,0,0,0,0,0,0,0,0,0,0,0,0,0,0,0,0,0,0,0,0,0,0,0,0,0,0,0,0,0,0,0,0,0,0,0,0,0,0,0,1,0,0,0,0,0,0,0,0,0,0,0,0,0,0,0,0,0,0,0,1,0,0,0,0,0,0,1,0,0,0,0,1,0,0,0,0,0,0,0,1,0,1,0,0,0,0,0,0,0,0,1,1,0,0,0,0,0,0,0,0,0,0,0,1,0,0,1,0,0,0,1,0,0,0,0,0,0,1,0,0,0,0,1,0,1,1,0,0,0,0,0,0,0,0,0,0,0,0,0,0,0,0,0,0
"Ecdr-An_Cochabmb",0,0,0,0,0,0,0,0,0,0,0,0,1,0,0,0,1,0,0,1,0,0,0,0,0,0,1,0,0,0,0,0,0,0,0,0,0,0,0,0,0,0,0,0,0,0,0,0,0,0,0,0,0,0,0,0,0,0,0,0,0,0,0,0,0,0,0,0,0,0,0,0,1,0,0,0,0,0,0,0,0,0,0,0,0,0,0,0,0,0,0,0,0,0,0,0,0,0,0,0,0,0,0,0,0,0,0,0,0,0,0,0,0,0,0,0,0,0,0,0,0,0,0,0,0,0,0,0,0,0,0,0,0,0,0,0,0,0,0,0,0,0,0,0,0,0,0,0,0,0,0,0,0,0,0,0,0,1,0,0,0,0,0,0,0,0,0,0,0,0,0,0,0,0,0,0,0,0,0,0,0,0,0,0,0,0,0,0,0,0,0,0,0,0,0,0,0,0,0,0,0,0,0,0,0,0,0,0,0,0,0,0,0,0,0,0,0,0,0,0,0,0,0,0,0,0,0,0,0,0,0,0,0,0,0,0,0,0,0,0,0,0,0,0,0,0,0,0,0,1,0,0,0,0,0,0,0,0,0,0,0,0,0,0,0,0,0,0,0,0,0,0,0,0,0,0,0,0,1,0,0,0,0,0,0,0,0,0,0,0,0,1,0,0,0,0,0,0,0,0,0,0,1,1,0,0,0,0,0,0,0,0,0,0,0,0,0,0,0,0,0,0,0,0,0,0,0,0,0,0,0,0,0,0,0,0,0,0,0,0,0,0,1,0,0,0,0,0,0,0,0,0,0,0,0,0,0,0,0,0,0,0,0,0,0,0,0,0,0,0,0,0,0,0,0,0,0,0,0,0,0,0,0,0,0,0,0,0,0,0,0,0,0,0,0,0,0,0,0,0,0,1,0,0,0,0,0,0,0,0,0,0,0,0,0,0,0,0,0,0,0,0,0,0,0,0,0,0,0,0,0,0,0,1,0,0,0,0,0,0,0,0,0,0,0,0,0,0,0,0,0,0,0,0,0,0,0,0,0,0,0,0,0,0,0,0,0,0,0,0,0,0,0,0,0,0,0,0,0,0,0,0,0,0,0,0,0,1,1,0,0,0,0,0,0,0,0,0,0,0,0,0,0,0,0,0,0,0,0,0,0,0,1,0,0,0,0,0,0,1,0,0,0,0,0,0,0,0,0,0,1,0,0,0,0,0,0,0,0,0,0,0,0,0,0,0,0,0,1,0,0,0,0,0,0,0,0,0,0,0,0,1,0,0,0
"Ecdr-An_Culbrlls",0,0,0,0,0,0,0,0,0,0,0,1,0,0,1,0,0,0,0,0,0,0,0,0,0,0,1,0,0,0,0,0,0,0,0,0,0,1,1,0,0,0,0,0,0,0,0,0,0,0,0,0,0,0,0,0,0,0,0,0,0,0,0,0,1,0,0,0,0,0,0,1,1,0,1,0,0,0,0,0,0,0,0,0,1,0,1,0,1,0,0,0,0,0,0,1,0,0,0,1,0,1,1,0,1,0,0,0,0,0,0,0,0,0,0,0,0,0,1,1,0,0,0,0,0,0,0,0,0,0,0,0,0,1,0,0,0,0,0,0,0,0,0,0,0,0,0,1,0,1,0,0,0,0,0,0,0,1,0,0,0,0,0,0,0,0,0,0,0,0,0,0,0,0,0,0,0,0,0,0,0,0,0,0,1,1,0,0,0,0,0,1,0,0,0,1,0,0,0,1,1,0,0,0,0,0,0,0,0,0,0,0,0,0,0,0,0,0,0,0,0,0,0,0,0,0,0,1,0,1,0,0,0,0,0,0,0,0,0,0,0,0,0,0,0,0,0,1,0,0,0,0,0,0,0,0,1,0,0,0,1,0,0,0,0,0,0,0,0,1,0,0,0,0,0,0,1,0,0,1,0,0,0,0,0,0,0,1,0,0,0,0,0,0,0,0,0,0,0,0,0,0,0,0,1,1,0,0,1,1,0,0,0,0,0,0,0,0,0,0,0,0,1,1,0,0,0,0,0,0,0,0,0,0,0,0,0,0,0,0,1,1,0,1,0,0,0,0,0,0,0,0,0,0,0,0,0,0,0,0,0,0,0,0,0,0,0,0,0,0,0,0,0,0,1,0,0,0,0,0,1,0,0,1,0,0,0,0,0,0,0,0,0,1,0,0,0,0,0,0,0,0,0,0,0,0,1,0,0,1,0,0,0,0,0,0,0,0,0,0,0,0,0,0,0,1,1,1,0,0,0,0,0,1,1,0,1,0,0,0,0,0,0,0,0,0,1,0,0,0,0,0,0,0,0,0,0,0,0,1,0,0,0,0,0,0,0,0,0,0,1,1,0,0,0,0,0,0,0,0,0,0,0,0,0,0,0,1,1,0,0,1,0,0,0,0,0,0,0,0,0,1,0,0,0,0,0,0,0,1,0,1,0,0,0,0,1,0,0,1,0,0,0,0,0,0,0,0,0,0,1,1,0,0,0,0,0,0,0,0,1,0,0,0,0,1,1,0,0,0,0,0,1,0,0,0,0,0,0,0,0,1,0,0,0
"Ecdr-An_Huarmcch",0,0,0,0,0,0,0,0,0,0,0,0,1,0,0,0,0,0,0,0,0,0,0,0,0,0,0,0,0,0,0,0,0,0,0,0,1,0,0,0,0,0,0,0,0,0,1,0,1,0,0,1,0,0,0,0,0,0,0,0,0,0,0,0,0,0,0,0,0,0,0,0,1,0,0,0,0,0,0,0,0,0,0,0,0,0,0,0,1,0,0,1,0,0,0,0,0,0,0,0,0,0,0,0,0,0,0,0,0,0,0,0,0,0,0,0,1,0,0,0,0,0,0,0,0,0,0,0,1,1,0,0,0,0,0,0,0,0,0,0,0,0,0,0,0,0,0,1,1,0,0,0,0,0,1,1,0,0,0,0,0,0,1,0,0,0,0,0,0,0,0,0,0,0,0,0,0,0,0,0,0,0,0,0,0,0,0,0,0,0,0,0,0,0,0,0,0,0,0,0,0,0,0,0,0,1,0,0,0,0,0,0,0,0,0,0,1,0,0,0,0,0,0,0,0,0,0,0,1,0,0,0,0,0,0,0,0,0,0,0,0,0,0,0,0,0,0,1,0,0,0,1,0,0,0,0,0,0,0,0,0,0,1,0,1,0,0,1,0,0,0,0,0,0,0,0,0,1,0,0,0,0,0,0,0,0,0,1,0,0,0,1,0,0,0,0,0,0,0,0,0,0,0,0,0,1,0,1,0,0,0,0,0,0,0,1,0,0,0,0,0,1,0,0,0,0,0,0,0,0,0,0,2,0,0,1,0,0,0,0,0,0,0,1,0,0,0,0,0,0,0,0,0,0,0,0,0,0,1,0,0,0,0,0,0,0,0,0,0,0,0,1,0,1,0,0,1,0,0,1,0,0,0,0,0,0,0,0,0,0,0,0,0,0,0,0,0,0,0,0,0,0,0,0,0,0,0,0,0,0,0,0,0,0,0,0,0,0,0,0,0,0,0,0,0,0,1,0,0,0,0,0,0,1,1,0,0,0,0,0,0,0,0,0,1,0,0,0,0,0,0,0,0,0,1,0,0,0,0,0,0,0,0,0,0,0,0,0,0,0,0,0,0,0,0,0,0,0,0,0,0,0,0,0,0,0,0,1,0,0,0,0,0,0,0,1,0,0,0,0,1,0,0,0,0,0,0,0,1,0,1,0,0,0,0,0,1,0,1,0,0,1,0,1,0,1,0,0,0,0,1,1,0,0,0,0,0,0,0,0,0,0,0,0,0,0,1,0,0,0,0,0,0,0,0,0,0,0,0,0,0,1,0,0,0
"Ecdr-An_Illincocha",0,0,0,0,0,0,0,0,0,0,0,0,0,0,1,0,0,0,0,0,0,0,0,0,0,0,0,0,0,0,0,0,0,0,0,0,0,0,0,0,0,0,0,0,0,0,0,0,1,0,0,0,0,0,0,0,0,0,0,0,0,0,0,0,0,1,0,0,0,0,0,0,1,0,0,0,0,0,0,0,1,0,0,0,0,0,0,0,1,0,0,0,0,0,0,0,0,0,0,0,0,0,1,0,0,0,0,1,0,0,0,0,0,1,0,0,0,0,0,0,0,0,0,0,0,0,0,0,0,0,0,0,0,0,0,0,0,0,0,0,0,0,0,0,0,0,0,0,0,0,0,0,0,0,1,1,0,1,0,0,0,0,0,0,0,0,0,0,0,1,0,0,0,0,0,0,0,0,0,0,0,0,0,0,0,0,0,0,0,0,0,0,0,0,0,0,0,0,0,0,0,0,0,0,0,0,0,0,0,0,0,0,0,0,0,0,0,0,0,0,0,0,0,0,0,0,0,0,0,0,0,0,0,0,0,0,0,0,0,0,0,0,0,0,0,0,0,0,0,0,0,0,0,0,0,0,0,0,0,0,0,0,0,0,0,0,0,0,0,0,0,0,0,0,0,0,0,0,0,0,0,0,0,0,0,0,0,0,0,0,0,0,0,0,0,0,0,0,0,0,0,0,0,0,0,1,0,0,0,0,0,0,0,0,0,0,0,0,0,0,0,0,0,0,0,0,0,0,0,0,0,0,0,0,0,0,0,0,0,0,0,0,0,1,0,0,0,1,0,0,0,0,0,0,0,0,0,0,0,0,0,0,0,0,0,0,0,0,0,0,0,1,0,0,0,0,0,0,0,0,0,0,0,0,0,0,0,0,0,0,0,0,0,0,0,0,0,0,1,0,0,0,0,0,0,0,0,0,1,0,0,0,0,0,0,0,0,0,0,0,0,0,0,0,0,0,0,0,0,0,0,0,0,0,0,0,0,0,0,0,0,0,0,0,0,0,0,1,0,0,0,0,0,0,0,0,0,0,0,0,0,0,0,0,0,0,1,0,0,0,0,0,0,0,0,0,0,0,0,0,1,1,0,0,0,1,0,0,0,0,0,0,0,0,0,0,0,0,0,0,0,0,0,0,0,0,0,0,0,0,0,0,1,1,0,0,0,0,0,0,0,0,0,0,1,0,0,0,0,0,0,0,0,0,0,0,0,0,0,1,0,0,0,0,0,0,1,0,0,0,0,0,0,0,0,0,0,0,0,0,0,1,0,0,0
"Ecdr-An_Limpipng",0,0,0,0,0,0,0,0,0,0,0,0,1,0,0,0,1,0,0,0,0,0,0,1,0,0,0,0,0,0,0,0,0,0,0,0,0,0,0,0,1,0,0,0,0,0,0,0,0,0,0,0,0,1,1,0,0,1,0,0,0,0,0,0,0,0,0,0,0,0,0,0,1,1,0,0,0,0,0,0,0,1,0,1,0,0,0,0,0,0,0,0,1,0,0,0,0,0,0,0,0,0,1,0,0,0,0,0,0,0,0,0,0,0,0,1,0,0,0,0,0,0,0,0,0,0,0,0,1,0,1,1,0,0,0,0,0,0,0,0,0,0,0,0,1,1,0,0,0,0,0,0,0,0,0,0,0,0,0,0,0,0,0,0,0,0,0,0,0,0,0,0,0,0,0,0,0,0,0,0,0,0,0,0,0,0,0,0,0,0,0,1,0,0,0,0,0,0,0,0,0,0,0,0,0,0,0,0,0,0,0,0,0,0,0,0,1,0,0,0,0,0,0,0,0,0,0,0,1,0,0,0,0,0,0,0,0,0,0,0,0,0,0,0,0,0,0,0,0,0,0,1,0,0,0,0,0,0,0,0,0,0,0,0,0,0,0,0,0,0,0,0,0,0,0,1,0,0,0,0,0,0,0,0,0,0,0,0,0,0,1,0,0,0,0,0,0,0,0,0,0,0,0,0,0,1,0,1,0,0,0,0,0,0,0,0,0,0,0,0,0,0,0,0,0,0,0,1,0,0,0,0,0,0,0,0,0,0,0,0,0,0,0,1,0,0,0,0,0,0,1,0,0,0,0,0,0,0,0,0,0,0,0,0,0,0,0,0,0,0,0,0,0,0,0,0,0,0,0,0,0,1,0,0,0,0,0,0,0,0,0,0,0,0,0,0,0,0,0,0,0,0,0,0,0,0,0,0,0,0,0,0,0,0,0,1,0,0,0,0,0,0,0,0,0,0,1,0,0,0,0,0,0,0,0,0,0,0,0,0,0,0,0,0,0,0,0,0,0,0,0,0,0,0,0,0,0,0,0,0,0,0,0,0,0,0,0,0,0,0,0,0,0,0,0,0,0,0,0,0,1,0,0,0,0,0,0,0,0,0,0,0,0,0,0,0,0,1,0,0,1,0,0,0,1,0,0,0,0,0,0,1,0,0,1,0,1,0,0,0,0,0,0,0,0,0,0,0,0,0,0,0,0,0,0,0,0,0,0,0,0,0,0,0,0,0,0,0,0,0,0,0,0,0,0,0,0,0,1,0,0,0,0,0,0
"Ecdr-An_Llaviacu",0,0,0,0,0,0,0,0,0,0,0,0,1,0,0,0,0,0,0,1,0,1,0,0,0,0,1,1,0,0,0,0,0,0,1,0,0,0,1,0,0,0,0,1,1,0,1,0,1,0,0,1,0,0,0,0,0,0,0,0,0,0,0,0,0,0,0,0,0,1,0,0,1,0,1,1,0,0,0,1,0,0,0,0,0,0,1,0,0,1,0,0,0,0,0,0,0,0,0,0,1,1,1,0,1,0,1,0,0,0,0,0,0,0,0,0,0,1,0,0,1,0,0,1,0,0,0,0,0,0,1,0,0,0,1,0,0,0,0,0,0,0,1,0,0,0,0,1,1,1,0,0,0,0,1,1,0,1,0,1,0,0,0,0,1,0,0,0,1,0,0,0,0,0,0,0,1,0,0,0,0,0,0,0,0,0,0,0,0,1,0,0,1,0,0,0,0,0,0,0,1,1,0,0,0,1,0,0,0,0,0,0,0,0,1,0,0,0,0,0,0,0,1,0,0,0,0,0,1,0,0,0,0,0,0,0,0,0,0,0,0,1,0,0,0,0,0,1,1,1,0,0,0,0,0,1,0,0,0,0,1,0,0,0,0,0,0,0,1,0,0,0,0,1,1,0,1,1,0,0,0,0,0,0,0,1,0,0,1,0,0,1,0,1,0,0,0,1,0,0,0,0,0,0,0,1,0,0,1,0,1,0,0,0,0,0,0,0,0,1,0,1,0,0,0,0,0,0,1,0,1,1,0,0,1,0,1,0,0,0,0,0,0,1,0,0,0,0,0,0,0,0,0,0,0,1,1,1,0,0,0,0,0,0,0,0,0,0,1,0,0,0,1,0,0,0,0,0,0,0,1,0,0,0,1,0,0,0,0,0,0,0,0,0,0,0,1,0,0,0,0,0,0,0,1,0,0,0,1,0,0,0,0,0,0,0,0,0,0,0,1,0,0,0,1,0,0,0,1,0,0,0,0,1,0,0,0,1,0,0,0,0,0,1,0,0,0,0,0,1,0,0,0,0,0,0,0,0,1,0,0,0,0,0,0,0,0,0,0,0,0,1,0,0,0,0,0,0,0,0,0,0,0,0,0,0,0,0,0,1,1,0,0,0,0,2,0,0,0,1,0,0,0,0,0,0,1,0,0,0,0,0,1,1,0,0,1,0,0,1,0,1,0,0,0,0,0,0,1,0,0,1,0,0,0,0,0,0,0,0,0,0,0,1,0,0,1,0,0,0,1,0,0,0,0,0,0,0,0,0,1,1,0,0,0
"Ecdr-An_Papallct",0,0,0,0,0,0,0,0,0,0,0,0,0,0,0,0,1,0,0,0,0,0,1,0,0,0,0,0,0,0,0,0,0,0,0,0,0,0,0,0,0,0,0,0,0,0,0,0,0,0,0,0,0,0,0,0,0,0,0,0,0,0,0,0,0,0,0,0,0,0,0,0,1,0,0,1,0,0,0,0,0,0,0,0,0,0,0,0,0,0,0,0,0,0,0,0,0,0,1,0,0,0,0,0,0,0,0,0,0,0,0,0,0,0,0,0,0,0,0,0,0,0,0,0,0,0,0,0,0,0,0,0,0,0,0,0,0,0,0,0,0,0,0,0,0,0,0,1,0,0,0,0,0,0,0,0,0,0,0,0,0,0,0,0,0,0,0,0,0,0,0,0,0,0,0,0,0,0,0,0,0,0,0,0,0,0,0,0,0,0,0,0,0,0,0,0,0,0,0,0,0,0,0,0,0,0,0,0,0,0,0,0,0,0,0,0,0,0,0,0,0,0,0,0,0,0,0,0,0,0,0,0,0,0,0,0,0,0,0,0,0,0,0,0,0,0,0,0,0,0,0,0,0,0,0,0,0,0,0,0,0,0,0,0,0,0,0,0,0,0,0,0,0,0,0,0,1,0,0,0,0,0,0,0,0,0,0,0,0,0,0,0,1,0,0,0,0,0,0,0,0,0,0,0,0,0,0,0,1,0,0,0,0,0,0,0,0,0,0,0,0,0,0,0,0,0,0,0,0,0,0,0,0,0,0,0,0,0,0,0,0,0,0,0,0,0,0,0,0,0,0,0,0,0,0,0,0,0,0,0,0,0,0,0,0,1,0,0,0,0,0,0,0,0,0,0,0,0,0,0,0,0,0,0,0,0,0,0,0,0,0,0,0,0,0,0,0,0,0,0,0,0,0,0,0,1,0,0,0,0,0,0,0,0,0,0,1,0,0,0,0,0,0,0,0,0,0,0,0,0,0,0,0,0,0,0,0,0,0,0,0,0,0,0,0,0,0,0,0,0,0,0,0,0,0,0,0,0,0,0,0,0,0,0,0,0,1,0,0,0,1,1,0,0,0,0,0,0,0,0,0,0,0,0,0,0,0,0,0,0,0,0,0,0,0,0,0,0,0,0,0,0,0,0,0,0,0,0,0,0,0,0,0,0,0,0,1,0,0,0,0,0,0,0,0,0,0,0,0,0,0,0,0,0,0,0,0,0,0,0,0,0,0,0,0,1,1,0,0,0,0,0,0,0,0,0,0,0,0,0,1,1,1,0,0
"Ecdr-An_Pisayamb",0,0,0,0,0,0,0,0,1,0,0,0,0,0,0,0,0,0,0,0,0,1,0,0,0,0,0,0,0,0,0,0,0,0,0,0,0,1,1,0,0,0,0,0,0,0,0,0,0,0,0,0,0,0,0,0,0,0,0,0,0,0,0,0,0,0,0,0,0,0,0,0,1,0,0,0,0,0,0,0,0,0,0,0,0,0,0,0,0,0,0,0,0,0,0,0,0,0,0,0,0,0,0,0,0,0,0,0,0,0,0,0,0,0,0,0,0,0,0,0,0,0,0,0,0,0,0,0,0,0,0,0,0,0,0,0,0,0,0,0,0,0,1,0,0,0,0,0,1,0,0,0,0,0,0,0,0,1,0,0,0,0,0,0,0,0,0,0,0,0,0,0,0,0,0,0,0,0,0,0,0,0,0,0,0,0,0,0,0,1,0,0,0,0,0,0,0,0,0,0,0,0,0,0,0,0,0,0,0,0,0,0,0,0,0,0,0,0,0,0,0,1,0,0,0,0,0,0,0,0,0,0,0,0,0,0,0,0,0,0,0,0,0,0,0,0,0,0,0,0,0,0,0,0,0,0,0,0,0,0,0,0,0,0,0,0,0,0,0,0,0,0,0,0,0,0,0,0,0,0,0,0,0,0,0,0,0,0,0,0,0,1,0,0,0,0,0,0,0,0,0,0,0,0,0,1,0,0,0,0,0,0,0,0,0,0,0,0,0,0,0,0,0,0,0,0,0,0,1,0,0,0,0,0,0,0,0,0,0,0,0,0,0,1,0,0,0,0,0,0,0,0,0,0,0,0,0,0,0,0,0,0,0,0,0,0,0,0,1,0,0,0,0,0,0,0,0,0,0,0,0,0,0,0,0,0,0,0,0,0,0,0,0,0,0,0,0,0,0,0,0,0,0,0,0,1,0,0,0,0,0,0,0,0,0,0,0,0,1,0,0,0,0,0,0,0,0,0,0,0,0,0,0,0,0,0,0,0,0,0,0,0,0,0,0,0,0,0,0,0,0,0,0,0,0,0,0,0,0,0,0,0,0,0,0,0,0,0,0,0,0,0,0,0,0,0,0,0,0,0,0,0,0,0,0,0,0,0,0,0,0,0,0,0,0,0,0,0,0,0,0,0,0,0,0,0,0,0,0,0,0,0,0,0,0,0,0,0,0,0,0,0,0,0,0,0,0,0,0,0,0,0,0,0,0,0,0,0,0,0,0,0,0,0,0,1,1,0,0,0,0,0,0,0,0,0,0,0,0,0,0,1,0,0,0
"Ecdr-An_Quilotoa",0,0,0,0,1,0,0,0,0,0,0,0,0,0,0,0,0,1,0,0,0,0,0,0,1,0,0,0,0,0,0,0,0,0,0,0,0,0,0,0,0,0,0,0,0,0,0,0,0,0,0,0,0,0,0,0,0,0,0,0,0,0,0,0,0,0,0,0,0,0,0,0,0,0,0,0,0,0,0,0,0,0,0,0,0,0,0,0,0,0,0,0,0,0,0,0,0,0,0,0,0,0,0,0,0,0,0,0,0,0,0,0,0,0,0,0,0,0,0,0,0,0,0,0,0,0,0,0,0,0,0,0,0,0,0,0,0,0,0,0,0,0,0,0,0,0,0,0,0,0,0,0,0,0,0,0,0,1,0,0,0,0,0,0,0,0,0,0,0,0,0,0,0,0,0,0,0,0,0,0,0,0,0,0,0,0,0,0,0,0,0,0,0,0,1,0,0,0,0,0,0,0,0,0,0,0,0,0,0,0,0,0,0,0,0,0,0,0,0,0,0,0,0,0,0,0,0,0,0,0,0,0,0,0,0,0,0,0,0,0,0,0,0,0,0,0,0,0,0,0,0,0,0,0,0,0,0,0,0,0,0,0,0,0,0,0,0,0,0,0,0,0,0,0,0,0,0,0,0,0,0,0,0,0,0,0,0,0,0,0,0,0,0,0,0,0,0,0,0,0,0,0,0,0,0,0,0,0,0,0,0,0,0,0,0,0,0,0,0,0,1,0,0,0,0,0,0,0,0,0,0,0,0,0,0,0,0,0,0,0,0,0,0,0,0,0,0,0,0,0,0,0,0,0,0,0,0,0,0,0,0,0,0,0,0,0,0,0,0,0,0,0,0,0,0,0,0,0,0,0,0,0,0,0,0,0,0,0,0,0,0,0,0,0,0,0,0,0,0,0,0,0,0,0,0,0,0,0,0,0,0,0,0,0,0,0,0,1,0,0,0,0,0,0,0,0,0,0,0,0,0,0,0,0,0,0,0,0,0,0,0,0,0,0,0,0,0,0,0,0,0,0,0,0,0,0,0,0,0,0,0,0,0,0,0,0,0,0,0,0,0,0,0,0,0,0,0,0,0,0,0,0,0,0,0,0,0,0,0,0,0,0,0,0,0,0,0,1,0,0,0,0,0,0,0,0,0,0,0,0,0,0,0,0,0,0,0,0,0,0,0,0,0,0,0,0,0,0,0,0,0,0,0,0,0,0,0,0,0,0,0,0,0,0,0,0,0,0,0,0,0,0,0,0,0,0,0,0,0,0,0,0,0,0,0
"Ecdr-An_SanMarcs",0,0,0,0,0,0,0,1,0,0,0,0,1,0,1,0,1,0,0,1,0,0,0,0,0,1,0,0,0,0,0,0,0,0,0,0,0,1,0,1,0,0,0,0,0,0,0,0,0,0,1,1,1,0,0,1,1,0,0,0,0,1,1,0,0,0,0,0,0,0,0,0,0,0,0,0,1,0,0,0,0,0,0,0,0,1,0,0,1,0,0,0,0,0,0,0,0,0,0,0,0,0,1,0,0,0,0,0,0,0,0,0,0,1,0,0,0,0,0,0,0,1,0,0,1,1,0,1,1,0,0,0,0,0,0,0,0,0,0,0,1,0,0,0,0,0,0,0,1,0,0,0,0,0,1,0,0,1,0,0,0,0,0,0,0,0,0,0,0,0,0,0,0,0,0,0,0,0,0,0,0,0,0,0,0,0,0,0,0,0,0,0,0,0,0,0,0,0,0,0,1,0,0,0,0,0,0,0,0,0,0,0,1,1,0,1,1,0,1,1,0,1,0,0,0,0,1,1,1,0,1,0,0,0,0,0,1,0,1,1,0,0,0,0,0,0,0,0,0,0,0,1,0,0,1,0,0,0,0,0,0,0,1,0,1,0,0,0,0,0,1,0,0,0,1,0,0,0,1,0,0,0,0,0,0,0,0,1,0,0,0,1,0,0,0,0,0,0,0,0,1,0,0,0,0,1,0,0,0,0,1,0,1,0,0,0,0,0,0,0,0,1,0,0,0,0,0,0,0,0,0,0,0,1,0,0,0,0,0,0,0,0,1,1,0,0,1,0,0,0,0,0,0,0,0,0,0,0,0,1,0,0,0,0,0,0,0,0,0,0,0,0,0,0,0,0,0,0,0,0,1,0,1,0,1,0,0,0,0,0,0,0,0,0,0,0,0,0,1,0,0,0,0,0,0,1,0,0,0,0,0,0,1,0,0,0,0,0,0,0,0,0,0,0,0,0,1,0,0,0,0,0,1,1,1,1,1,1,1,0,0,0,0,0,0,0,1,0,0,0,0,1,0,1,0,0,0,0,0,0,0,1,0,0,1,0,1,0,0,0,1,1,0,0,0,0,0,0,0,0,1,0,0,0,0,0,0,0,1,0,0,0,0,0,0,0,0,1,0,1,0,0,0,0,0,0,1,0,0,0,0,1,0,0,1,0,0,0,0,0,0,0,0,0,0,1,0,0,0,0,1,1,0,0,0,0,0,0,0,1,0,0,0,0,1,1,1,0,0,0,0,0,0,0,0,0,0,0,0,0,0,1,0,0,0
"Ecdr-An_Tambo",0,0,0,0,0,0,0,0,0,0,0,0,0,0,0,0,0,0,0,0,0,0,0,0,0,0,0,0,0,0,0,0,0,0,0,0,0,1,0,0,0,0,0,0,0,0,0,0,0,0,0,0,0,0,0,0,0,0,0,0,0,0,0,0,0,0,0,0,0,0,0,0,1,0,0,0,0,0,0,0,0,0,0,0,0,1,0,0,1,0,0,0,0,0,0,0,0,0,1,0,0,0,0,0,0,0,0,0,0,0,0,0,0,0,0,0,0,0,0,0,0,0,0,0,0,0,0,0,0,0,0,0,0,0,0,0,0,0,0,0,0,0,0,0,0,0,0,0,0,0,0,0,0,0,0,0,0,0,0,0,0,0,0,0,0,0,0,0,0,0,0,0,0,0,0,0,0,0,0,0,0,0,0,0,0,0,0,0,0,1,0,0,0,0,0,0,0,0,0,0,0,0,0,0,0,0,0,0,0,0,0,0,0,0,0,0,0,0,0,0,0,0,0,0,0,0,0,0,0,0,0,0,0,0,0,0,0,0,0,0,0,0,0,0,0,0,0,0,0,0,0,0,0,0,0,0,0,0,0,0,0,0,0,0,0,0,0,0,0,0,1,0,0,0,0,0,1,0,0,0,0,0,0,0,0,0,0,0,0,0,0,0,0,0,0,0,0,0,0,0,0,0,0,0,0,0,0,0,0,0,0,0,0,0,0,0,0,0,0,0,0,0,0,0,0,0,0,0,1,0,0,0,0,0,0,0,0,0,0,0,0,0,0,1,0,0,0,0,0,0,0,0,0,0,0,0,0,0,0,0,0,0,0,0,0,0,0,0,0,0,0,0,0,0,0,0,0,0,0,0,0,0,0,0,0,0,0,0,0,0,0,0,0,0,0,0,0,0,0,0,0,0,0,0,0,0,0,0,0,0,0,0,0,0,0,0,0,0,0,0,0,0,0,0,0,0,1,0,0,0,0,0,0,0,0,0,0,0,0,0,0,0,0,0,0,0,0,0,0,0,0,0,0,0,0,0,0,0,0,0,0,0,0,0,0,0,0,0,0,0,0,0,0,0,0,0,0,0,0,0,0,0,0,0,0,0,0,0,0,0,0,0,0,0,0,0,0,0,0,0,0,0,0,0,0,0,0,0,0,0,0,0,0,0,0,0,0,0,0,1,0,0,0,0,0,0,0,0,0,0,0,0,0,0,0,0,0,0,0,0,0,0,0,0,0,0,1,0,0,0,0,0,0,0,1,0,0,0,0,0,0,1,0,0,0
"Ecdr-An_Toread",0,0,0,0,0,0,0,0,1,0,0,1,1,0,1,0,1,0,0,0,0,0,0,0,0,0,0,0,0,0,0,0,0,0,0,0,1,0,1,1,0,0,0,0,0,0,1,0,1,0,0,0,0,0,0,0,0,0,0,0,0,0,0,0,1,1,0,0,0,0,0,0,1,1,1,0,0,0,0,1,0,0,0,0,0,0,0,0,1,0,0,0,0,0,0,0,0,1,0,0,0,1,1,0,1,1,0,0,0,1,1,0,0,1,1,0,0,0,0,0,0,1,0,0,0,0,1,0,0,0,0,1,0,0,0,0,0,0,0,0,0,0,0,0,0,0,0,0,0,0,0,0,0,0,1,0,0,0,0,0,0,0,1,1,0,0,1,0,0,1,0,0,0,0,0,0,0,0,0,0,0,0,0,0,0,0,1,0,1,0,1,0,0,0,0,0,0,0,0,0,0,0,0,0,0,0,0,0,0,0,0,0,0,0,0,0,0,0,0,0,0,0,0,0,0,0,0,0,0,0,0,0,0,0,0,0,0,0,0,0,0,0,1,0,0,0,0,0,0,0,0,0,0,0,0,0,0,0,1,0,0,1,1,1,0,0,0,0,0,0,0,1,0,0,1,0,0,0,1,0,0,0,0,0,0,0,0,1,0,0,0,0,0,0,0,0,0,0,0,0,0,0,0,0,0,1,0,0,0,0,0,0,0,0,0,0,0,0,1,0,0,0,0,0,0,0,0,0,0,0,0,0,0,0,0,0,1,0,0,0,0,0,1,1,0,0,0,1,1,1,0,0,0,0,1,0,0,0,0,0,0,0,0,0,0,0,0,0,1,1,0,0,0,0,0,1,0,0,0,0,0,0,0,0,1,0,0,1,1,0,0,0,0,0,0,0,0,0,1,1,0,0,0,1,0,0,0,0,0,0,0,0,0,0,1,0,0,0,0,0,1,0,0,0,0,0,1,0,0,0,1,1,0,0,0,0,0,0,0,0,0,0,0,0,0,0,0,0,0,0,0,0,0,0,0,0,0,0,0,0,0,0,0,1,0,0,0,0,1,0,0,1,0,1,0,0,0,0,0,0,1,1,0,0,0,0,0,0,1,0,0,0,0,0,1,0,0,0,1,0,0,1,0,0,0,0,0,0,1,0,0,0,1,0,1,0,1,0,1,1,0,0,0,0,0,0,0,0,0,1,0,0,1,0,0,0,0,0,0,0,0,1,0,0,0,0,1,0,0,0,0,1,0,1,0,0,0,0,0,1,0,1,1,1,0
"Ecdr-An_Yanacoch",0,0,0,0,0,0,0,0,0,0,0,0,0,0,1,0,1,0,0,0,0,0,0,0,0,0,0,0,0,0,0,0,0,0,0,0,1,0,1,0,0,0,0,0,0,0,0,0,0,1,0,0,0,0,0,0,0,0,0,0,0,0,0,0,0,0,0,0,0,0,0,0,1,0,0,0,0,0,0,0,0,0,0,0,0,0,0,0,1,0,1,0,0,0,0,0,0,0,0,0,0,0,1,0,0,0,0,0,0,0,0,0,0,1,0,0,0,0,0,0,0,0,0,0,0,0,0,0,0,0,0,0,0,0,0,0,0,0,0,0,0,0,0,0,0,0,0,0,1,0,0,0,0,0,1,1,0,1,0,0,0,0,0,0,0,0,0,0,0,1,0,0,0,0,0,0,0,0,0,0,0,0,0,0,0,0,0,0,0,1,0,0,0,0,0,0,0,0,0,0,0,0,0,0,0,0,0,0,0,0,0,0,0,0,0,0,0,0,0,0,0,0,0,0,0,0,0,0,0,0,0,0,0,0,0,0,0,0,0,0,0,0,0,0,0,0,0,0,0,0,0,0,0,0,0,0,0,0,0,0,0,0,0,0,0,0,0,0,0,0,0,0,0,0,0,0,0,0,1,0,0,0,0,0,0,0,0,0,0,0,0,0,0,0,0,0,0,0,0,0,0,0,0,1,0,0,0,1,0,0,0,0,0,0,0,0,0,0,0,0,0,0,0,0,0,0,0,0,0,0,0,0,0,0,0,0,0,0,0,0,0,0,0,1,0,0,0,0,0,0,0,0,0,0,0,0,0,0,0,0,0,0,0,0,0,0,0,0,0,0,0,0,0,0,0,0,0,0,1,0,0,0,0,0,0,0,0,0,0,0,0,0,0,0,0,0,1,0,0,0,0,0,0,0,0,1,0,0,1,0,0,0,0,0,0,0,0,0,0,0,0,0,0,0,0,0,0,0,0,1,0,0,0,0,0,0,0,0,0,0,0,0,0,0,0,0,0,0,0,0,0,0,0,0,0,0,0,0,0,0,0,0,0,0,0,0,0,0,0,0,0,0,0,0,0,0,0,0,0,0,1,0,0,0,0,0,0,0,0,0,0,0,0,0,0,0,0,0,0,1,0,0,0,0,0,0,0,0,1,0,0,1,0,0,1,0,0,0,1,0,0,0,0,0,0,0,0,0,0,0,0,0,0,0,0,0,0,1,0,0,0,0,0,0,0,1,1,0,0,0,0,0,0,0,0,0,0,0,0,0,0,1,0,0,0
"EpNGEO-F_Caricoch",0,0,0.480769230769231,0,0,0,0,0,0,0,0,0,0,10.5769230769231,0,0,0,0,0,0,0,0,0,0,0,0,0,0,1.44230769230769,0,0,0,0,0,0,0,0,0,0,0,0,0,0,0,0,0.16025641025641,0,0,0.32051282051282,0,0,0,0,0,0,0,0,0,0,0,0,0,0,0,8.33333333333333,0,0,0,0,0,2.24358974358974,0,0,0,0,0,0,0.16025641025641,0,0,0,0,0,0,0,0,0,0,0,0,0,0,0,0,0,0,0,0,0,0,0,0,0,0,0,0,0,0,0,0,0,0,0,0,0,0,0,0,0,0,0,0,0,0,0,0,0,0,0,0,0,0,0,0,0,0,0,0,0,0,0,0,0,0.32051282051282,0,0,0,0.480769230769231,0,0,0,0,0,0,0,0,0,0,0,0,0.961538461538462,0,0,0,0,0,0,0,0,0,0,0,0.641025641025641,2.40384615384615,0,0,0,0.16025641025641,0,0,0,0,4.6474358974359,0.641025641025641,0,0,0,0,0,0,0,0,0,0,0,0,0,0,0,0,0,0,0,0,0,0,0,0,0,0,0,0,0,0,0,0,0,0,0,0,0,0,0,0,0,0,0,0,0,0,0,0,0,0,0,0,0,0,0,0,0,0,0,0.16025641025641,0,0,0,0,0,0,22.7564102564103,0,0,2.24358974358974,0,0,0,0,0,0,0,0,0,0,0,0,0,0,0,0,0,0,0,0,0,0,0,0,0,0,0,0,0,0,0,0,0.480769230769231,0,0,0,0,0,0,0,0,0,0,0,0,0,0,0,0,0,0,0,0,0,0,0,0,0,0,0,0,0,0,0,0,0,0,0,0,0,0,0,0,0,0,0,0,0,0.961538461538462,0,0,0,0,0,0,0,0,0,0,0,0,2.24358974358974,0,0,0,0,0,0,5.92948717948718,2.72435897435897,0,0,0,0,0,0,0,0,0.480769230769231,0,0,0,0,0,0,0,2.24358974358974,0,0,0,0,0.16025641025641,0,0,0,0,0.480769230769231,0,0,0,0,0,0,0,0,0,0,0,0.480769230769231,0,0,0,0,0,0,0,0,0,0,0,0,0,0,5.92948717948718,0,0,0,0,0,0,0,0,0,0,0,0,0,4.6474358974359,0,0,0,0.480769230769231,0,0,0,0,0,0,0,0,0,0,0,0,0,0,0,0,0,0,0,0,0,0,0,0,0,0,0,0,0,0,0,0,0,0,0,0,0,0,0,0,0,0,0,0,0,0,0,0,0,0,9.61538461538462,0,0,0,0,0,0,0,0,0,0,0,0,0,0,0,0,0,0,0,0,0.961538461538462,0,1.44230769230769,0,0,0,0,0,0,0.480769230769231,0,0,0,0,0,0,0,0,0,0,0,0,0,0,0,0.641025641025641,0,0,0,0,0,0,0,0,0,0,0,0,0,0,0,0,0,0,0,0,0,0,0.480769230769231,0,0,0,0,0,0,0,0,0,0,0,0,0,0,0,0,0,0,0
"EpNGEO-F_Chiriacu1",0,0,0,0,0,0,0.172711571675302,0,0,0,0,0,0,4.14507772020725,0,0,0,0,0,0,0,0,0,0,0,0,0,0,12.4352331606218,0,0,0,0,0,0,0,0,0,0,0,0,0,0,0,0,1.55440414507772,0,0,0.863557858376511,0,0,0,0,0,0,0,0,0,0,0,0,0,0,0,0.863557858376511,0,0,0,0,0,0,0,0,0,0,0,0,0,0,0,0,0,0,0,0,0,0,0,0,0,0,0,0,0,0,0,0,0,0,0,0,0,0,0,0,0,0,0,0,0,0,0,0,0,0,0,0,0,0,0,0,0,0,0,0,0,0,0,0,0,0,0,0,0.518134715025907,0,0,0,0,0,0,0,0,0,0,0,0,0.172711571675302,0,0,0,0,0,0,0,0,0,0,0,0,0,2.93609671848014,0,0,0,0.172711571675302,0.863557858376511,0,0,0,0,0,0,2.24525043177893,0,0,0,0,0,0,0.172711571675302,0,0,0,0,0,0,0,0,0,0,0,0,0,0,0,0,0,0,0,0,0,0,0,0,0,0,0,0,0,0,0,0,0,0,0,0,0,0,0,0,0,0,0,0,0,0,0,0,0,0,0,0,0,0,0,0,0,0.172711571675302,0,0,0,0,0,0,0,0,4.14507772020725,0,0,0,1.55440414507772,0,0,0,0,0,0,0,0,2.41796200345423,0,0,0,0,0,1.20898100172712,0,0,0,0,0,0,0.863557858376511,0,0,0,0,0,0,0,0,0,0,0,0,0,0,0,0,0,0,0.863557858376511,0,0,2.59067357512953,0,0,0,0.345423143350604,0,0,0,0,0,0,0,0.863557858376511,0,0,0,0,0,0,0,0.172711571675302,0,0.172711571675302,0,0,0,0,0,0,0,0,0,0,0,0,0,0,0,0,0,0,0,0,0,0,0,0,0,0,0,0,4.83592400690846,0,0,0,0,0,0,0.345423143350604,0,0,0,0,0,0,0,0,0,0,0,0,0,0,0,0,0,0,0,0,0,0,0,0,0.172711571675302,0,0,0,0,0,0,0,0,0,0,0,0,0,0,0,0,0,0,0,0,0,0,0,0,0,0,0,0,0,2.07253886010363,0,0,0,0,0,0,0,0,0,0,0,0,0,1.55440414507772,0.172711571675302,0,0,0,0,0,0,0,0,0,0,0.690846286701209,0,0,0,0,0,0.690846286701209,0,0,0,0,0,0,0,0,0.172711571675302,0,0,0,0,0,0,0,0,0,0,0,0,0,0,0,0,0,0,0,0,0,0,0,0.172711571675302,0,0,0,5.69948186528497,0,0,0,0,0,0,0,0,0,0,0,0,0,0,0,0,0,0,0,0,0,0,0,0,0,0,0,0,6.56303972366149,0,0,0,0,0,0,0,0,0.172711571675302,0,0,0,0,0.690846286701209,0,0,0.345423143350604,0,0,0,0,0,0,0,0,0,0,0,0,0,0,0,0,0,0,0,0.172711571675302,0,0,3.45423143350604,0,29.5336787564767,0,0,0,0,0,0,0,0,0,0,0,0,0,0,0,0,0
"EpNGEO-F_Cubilche1",0,0,0,0,0,0,0,0,0,0,0,0,0,0,0,0,0,0,0,0,0,0,0,0,0,0,0,0,0,0,0,0,0,0,0,0,0,0,0,0,0,0,0,0,0,13.997113997114,0,0,0,0,0,0,0,0,0,0,0,0,0,0,0,0,0,0,0,0,0,0,0,0,0,0,0,0,0,0,0,0,0,0,0,0,0,0,0,0,0,0,0,0,0,0,0,0,0,0,0,0,0,0,0,0,0,0,0,0,0,0,0,0,0,0,0,0,0,0,0,0,0,0,0,0,0,0,0,0,0,0,0,0,0,0,0,0,0,0,0,0,0,0,0,0,0,0,0,0,0,0,0,0,0,0,0,0,0,0,0,0,0.577200577200577,0,7.64790764790765,0,0,0,0,0,0,0,0,0,0,0,19.9134199134199,0,0,0,0,0,14.2857142857143,0,0,0,0,0,0,0,0,0,0,0,0,0,0,0,0,0,0,0,0,0,0,0,0,0,0,0,0,0,0,0,0,0,0,0,0,0,0,0,0,0,0,2.88600288600289,0,0,0.288600288600289,0,0,0,0,0,0,1.2987012987013,0,0,0.144300144300144,0,0,0,0,0,0,0,0,0,0,0,0,0,0,0,0,0,0,0,0,0,0,0,0,0,0,0,0,0,0,9.81240981240981,0,0,0,0,0,0,0,0,0,0,0,0,0,0,0,0,0,0,0,0,0,0,0,0,0,0,0,0,0,0,0,0,0,0,0,0,0,0,0,0,0,0,0,0,0,0,0,0,0,0,0,0,0,0,0,0,0,0,0,0,0,0,0,0,0,0,0,0,0,0,0,0,0,0,0,0,0,0,0,3.46320346320346,0,0,0,0,0,0,0,0,0,0,0,0,0,0,0,0,0,0,0,0,0,0,0,0,0,0,0,0,0,0,0,0.577200577200577,0,0,0,0,0,0,0,0,0,0,0,0,0,0,0,0,0,0,0,0,0,0,0,0,0,0,0,0,0,0,0,0,0,0,0,0,0,0,0,0,0,0,0,0,0,0,0,0,0,0,0,0,0,0,0,0.288600288600289,0,0,0,0,0,0,0,0,0,0,0,4.32900432900433,0,0,0,0.144300144300144,0,0,0,0,0,0,0,0,0,0,0,0,0,0,2.88600288600289,0,0,0.288600288600289,0,0,0,0,0,0,0,0,0,0,0,0,0,0,0,0,0,0,0,0,0,0,0,0,0,0,0,0,0,0,0,0,0,0,0,0,0,0,0,0,0,0,0,0,0,0,0,0,0,0,0,0,0,0,3.8961038961039,0,0,0,6.63780663780664,0,0,0,0,0,0,0,0.577200577200577,0,0,0,0,0,0,0,0,0,0,0,0,6.06060606060606,0,0,0,0,0,0,0,0,0,0,0,0,0,0,0,0,0
"EpNGEO-F_Cuicocha1",0,0,0,0,0,0,0,0,0,0,0,0,0,0.434782608695652,0,0,0,0,0,0,0.652173913043478,0,0,0,0,0,0.652173913043478,0,0,2.39130434782609,0,0,0,0.434782608695652,0,0,0,0,0,0,0,0,0,0,0,0,0,0,0,0,0,0,0,0,0,0,0,0,0,0,0,0,0,0,0,0,0,0,0,0,0,0,4.56521739130435,2.17391304347826,0,0,0,0.217391304347826,0,0,0,0.652173913043478,0,0,0,0,0,0,0,0,0,0,0,0,0,0,0,0,0,0,0,0,0,0,0,0,0,0,0,0,0,0,0,0,0,0,0,0,0,0,0,0,0,0,0,0,0,0,0,0,0,0,0,0,0,0,0,0,0,0,0,0,0,0,0,0,0,0,0,0,0,0,0,0,0,0,0,0,0,0,0,0,0,0,0,0,0,0,0,0,0,0,0,8.47826086956522,0,6.08695652173913,0,0,0,0,0,0,0,0.434782608695652,0,0,0,33.4782608695652,0,0,0,0,0,0.652173913043478,0,0,0,0,0.652173913043478,0,0,0,0,0,0,0,0,0,0,0,0,0,0,0,0,0,0,0,0,0,0,0,0,0,0,0,0,0,0,0,0,0,0,0,0,0,0,0,0,0,0,0,0,0,0,0,0,0,0,0,0,0,0,0,0,0,0,0,0,0,0,0,0,0,0,0,0,0,0,0,0,0,0,0,0,0,0.652173913043478,0,0,0,0,0,0,0,0,0,0,0,0,0,0,0,0,0,0,0,0,0,0,0,0,0,0,0,0,0,0,0,0,0,0,0,0,0,0,0,0,0,0,0,0,0,0,0,5.21739130434783,12.6086956521739,0,0,0,0,0,0,0,0,0,0,0,0,0,0,0,0,0,0,0,0,0,0,0,0,0,0,1.73913043478261,0,0,0,0,0,0,0,0,0,0,0,0.217391304347826,0,0,0.869565217391304,0,0,0,0,0,0,0,0,0,0,0,0,0,0,0,0,0,0,0,5,0,0.434782608695652,0,0,0,0,0,0,0,0,0,0,0.217391304347826,0,0,0,0,0,0,0,1.30434782608696,0,0,0,0,0,0,0,0,0,0,0,0,0,0,0,0,0,0,0,0,0,0,0,0,0,0,0,0,0,0,0,0,0,0,0,0,0,0,0,0,0,0,0,0,0,0,0,0,0,0,0,0,0,0,0,0,0,0,0,0,0,0,0,0,0,0,0,0,0,0,0,8.04347826086956,0,0,0,0,0,0,0.434782608695652,0.434782608695652,0,0,0,0,0,0,0,0,0,0,0,0,0,0,0,0,0,0,0,0,0,0,0,0,0,0,0,0,0,0,0,0.434782608695652,0,0,0,0,0,0,0,0,0,0,0,0,0,0,0,0,0,0,0,0,0,0.217391304347826,0,0,0,0,0,0,0,0,0,0,0,0,0,0,0,0,0,0,0.217391304347826,0,0,0
"EpNGEO-F_Huarmcch1",0,0,0,0,0,0,0,0,0,0,0,0,0,0.199600798403194,0,0,0,0,0,0,0,0,0,0,0,0,0,0,0,0,0,0,0,0,0,0,0,0,0,0,0,0,0,0,0,0,0,0,0.399201596806387,0,0,0,0,0,0,0,0,0,0,0,0,0,0,0,0,0,0,0,0,0,0,0,0,0.199600798403194,0,0,0,0,0,0,0,0,0,0,0,0,0,0,0,0,0,0,0,0,0,0,0,0,0,0,0,0,0,0,0,0,0,0,0,0,0,0,0,0,0,0,0,0,0,0,0,0,0,0,0,0,0,0,0,0,0,0,0,0.998003992015968,0,0,0,0,0,0,0,0,0,0,0,0,0.199600798403194,0.998003992015968,0,0,0,0,0,0,0,0,0,0,0,0,0.998003992015968,0,0,0,0,0.199600798403194,0,0,0,0,0,0,0,0,0,0,0,0,0,0.598802395209581,0,0,0,0,0,0,0,0,0,0,0,0,0,0,0,0,0,0,0,0,0,0,0,0,0,0,0,0,0,0,0,0,0,0,0,0,0,0,0,0,0,0.199600798403194,0,0,0,0,0,0,0,0,0,0,0.998003992015968,0,0,0,0,0,0,0,0,0,0,0,0,0,0,0,0,1.99600798403194,2.39520958083832,0,0,1.39720558882236,0,0,0,0,0,0,0,0,0,0,0,0,0,0,0,0,0,0,0,0,0,0,0.199600798403194,0,0,0,0,0,0,0,0,0,0,0,0,0,0,0,0,0,0,0,0,0,0,0,0,0,0.199600798403194,0,0.199600798403194,0,0.998003992015968,0,0,0,0,0,0,0,0,0,0,0,0,0,0,0,0,0,0,0,0,0,0,0,0,0,0,0,0,0,0,0,0,0,0,0,0,0,0,0,0,0,0,0,0,0,7.78443113772455,0,2.59481037924152,0,0,0,0,0,0,0,0,0,0,0,0,0,0,0,0.399201596806387,0,0,0,0,0,0,0,0,0,0,0,0,0,0,0,0,0,0,0,0,0,0,0,0,0,0,0,0,0,0,0,0,0,0,0,0,0,0,0,0,0,0,0,0,0,0,0,0,0,0,0,0,0,0,0,0,0,0,0,0,0,0,0,0,0,0,0,0,0,0.399201596806387,0.199600798403194,0,0,0,0,0,0,0,0,0,0,0,0,0,0,0,0,0,0,0,0,0,0,0,0,0,1.79640718562874,0,0,0,0,0,0,0,0,0,0,0,0,57.2854291417166,0,0,0,0,0,0,0,0,0,0,0,0,0,0,0,0,0.199600798403194,0,0.199600798403194,0,0,0,0,0,0,0,0,0,0,0,0,0,0,0.399201596806387,0,0,0,0,5.18962075848303,0,0,0,0,0,0,0,0,0,0,0,0,0,0,0,0,0,0,0,0,0,0,0,0,0,8.58283433133733,0,1.39720558882236,0,0,0,0,0,0,0,0.199600798403194,0,0,0,0,0,0,0,0,0
"EpNGEO-F_Yanacoch1",0,0,0,0,0,0,0,0,0,0,0,0,0,4.06091370558376,0,0,0,0,0,0,0,0,0,0,0,0,0,0,23.8578680203046,0.169204737732657,0,0,0,0,0,0,0,0,0,0,0,0,0.338409475465313,0,0,0.169204737732657,0,0,1.35363790186125,0,0,0,0,0,0,0,0,0,0.50761421319797,0,0,0,0,0,0,0,0,0,0,0,0,0,0.169204737732657,0,0,0,0,0,0,0,0,0,0,0,0,0,0,0,0,0,0,0,0,0,0,0,0,0,0,0,0,0,0,0,0,0,0,0,0,0,0,0,0,0,0,0,0,0,0,0,0,0,0,0,0,0,0,0,0,0,0,0,0,0.338409475465313,0,0,0,0,0,0,0,0,0,0,0,0,0,0,0,0,0,0,0,0,0,0,0,0,0,0,2.36886632825719,0,0,0,0,0,0,0,0,0,0,0,0.169204737732657,0.846023688663283,0,0,0,0,0,0.338409475465313,0,0,0,0,0,0,0,0,0,0,0,0,0,0.169204737732657,0,0,0,0,0,0,0,0,0,0,0,0,0,0,0,0,0,0,0,0,0,0,0,0,0,0,0.169204737732657,0.50761421319797,0,0,0,0,0,0,0,0,0,0,1.01522842639594,0,0,0,0,0,0,0,0,0,0,0,0,0,0,0,0,0,0,0,0,0,0,0,0,0,0,0.846023688663283,0,0,0,0,0,3.38409475465313,0,0,0,0,0,0,0,0,0,0,0,0,0,0,0,0.846023688663283,0,0,0,0,0.676818950930626,0.676818950930626,0,0,0,0,0,0,0,0,0.846023688663283,0,0,0,0,0,0,0,0,0,17.258883248731,0,0,0,0,0,0,0,0,0,0,0,1.01522842639594,0,0,0,0,0,0,0,0,0,0,0,0,0,0,0,0,0,0,0,0,0,0,0,0,0,0,2.03045685279188,0,0,0,0,0,0,7.27580372250423,0,0,0,0,0,0,0,0,0,0,0,0,0,0,0,0,0,0.169204737732657,0,0,0,0,0,0,0,0,0,0,0,0,0,0,0,0,0,0,0,0.50761421319797,0.169204737732657,0,0,0,0,0,0,0,0,0,0,0,0,0,0,0,0.169204737732657,0,0,0,0,0,0,0,0,0,0,0,0,0,0,0,0,0,0,0,0,0,0,0,0,0,0,0,0,0.846023688663283,0,0,0.169204737732657,0,0,0,0,0,0,0,0,0,0,0,0,0,0,0,0,0,0,0,0,0,0,0,0,0,7.10659898477157,0,0,0,0,0,0,0,0,0,0,0,0,0,0,0,0,0,0,0,0,0,0,0,0,0,0,0,0,0,0,0,1.1844331641286,0,5.0761421319797,0,0,0,0,0,0,0,0,0,0,0.50761421319797,0,0,0,0,0,0,0,0,0,0,0,0.169204737732657,0,0,0,0,0,0,0,0,0,0,0,0,0,0,0,0,0,0,0,0,0,0,6.5989847715736,0,5.75296108291032,0,0,0,0,0,0,0,0,0,0,0,0,0,0.169204737732657,0,0,0
"EpNGEO-J_DsChrrrs1",0,0,0,0.523560209424084,0,0,0,0,0,0,0,0,0,16.4921465968586,0,0,0,0,1.04712041884817,0,0,0,0,0,0,0,0,0,0.392670157068063,0,0,3.01047120418848,0,0,0,0,0,0,0,0,0,0,0,0,0,0,0,3.66492146596859,0,0,0,0,0,0,0,0,0,0,0,0,0,0,0,0,0.523560209424084,0,0,0,0,0,0.392670157068063,0,0,0.130890052356021,0,0,0,0,0.130890052356021,0,0,0,0,0,0,0,0,0,0,0,0,0,0,0,0,0,0,0,0,0,0,0,0,0.654450261780105,0,0,0,0,0,0,0,0,0,0,0,0,0,0,0,0,0,0,0,0,0,0,0,0,0,0,0,0,0,0.130890052356021,0,0,0,0,0.130890052356021,0.785340314136126,0,0,0,0,0,0,0,6.54450261780105,0,0,0,0,0,0,0,0,0,0,0,0,0.130890052356021,0,0,0,0,0,0,1.30890052356021,0,0,0,1.30890052356021,0,0,0.261780104712042,0,0,0,0,1.57068062827225,0,0,0,0,0,0,0,0.654450261780105,0,0,0,0,0,0,0,0,0,0,0.130890052356021,0,0,0.523560209424084,0.130890052356021,0,0,0,0,0,0,0,0,0,0,0,0,0,0,0,0,0,0.130890052356021,0,0,0,0,0,0,0,0,0,0,0,0,0,0,0,0,0,0,0,0,0,0,0.261780104712042,0,0,0,0,0,4.71204188481675,0,0,0,0,0,0,0,0,0,0,0,0,0,0,0,0.261780104712042,0,0,0,0,0,0,0,0,0,0,0.130890052356021,0,0,0,0,0,0,0,0,0,0,0,0,0,0,0.130890052356021,0,0,0,0,0.654450261780105,0,0,0,0,0,0.261780104712042,0,0.130890052356021,0,0.130890052356021,0,0.654450261780105,0,0,0,0,0,0,0,0,0,0,0,0,0,0,0,0,0,0,0,0,0,0,0,0,0,0,0,0,0,0,0,0,0,4.05759162303665,0,0,0,0,0,0,0,0,0.261780104712042,5.6282722513089,0,0,0,0,0,0,0,0,0,0,0,0,0,0,0,0,0,0.130890052356021,0,0,0,0,0,0,0,0,0,0,0,0,0,0,0,0,0,0,0,0,0,0,0,0,0,0,0,0,0,0,0,0,0,0,0,0,0.523560209424084,0.392670157068063,0,0.130890052356021,0.523560209424084,0,0,0,0,0,0,0,0,0,0,0,0,0,0,0,0,0,0,0,0,0,0.130890052356021,0,0,0,0,0,0,0,0,0,0,0,0,0,0,0,0.130890052356021,0,0,0,0,0,0,0,0,0,0,0,0,0,0,0,0,0,0,0,0,0,0,0,0,0,0,0,0,0,0,2.87958115183246,0,0,0,0.392670157068063,0,0.130890052356021,0,0.392670157068063,0,0,0,0,0,0,0,0,0,0,0,0,0,0,0,0,0,0,0,0,0,0,0,0,0,0,0,0,0,0,2.74869109947644,0,0,0.130890052356021,0,0,0,0,0,0,0,0,0,0,0,0,0,0,0,0,0,0,0,0,0,0,0.130890052356021,0,30.4973821989529,0,0,0,0,0,0,0,0,2.22513089005236,0,0,0,0,0.523560209424084,0,0,0
"EpNGEO-J_Estrllsc1",0,0,0,0,0,0,0,0,0,0,0.171821305841924,0,0,5.15463917525773,0,0,0,0,0,0,0,0,0,0,0,0,0,0,34.192439862543,0,0,0,0,0,0,0,0,0,0,0,0,2.06185567010309,0,0,0,0,0,2.06185567010309,0.859106529209622,0,0,0,0,0,0,0,0,0,0,0,0,0,0,0,0,0,0,0,0,0,0.171821305841924,0,0,0,0,0,0,0,0,0,0,0,0,0,0,0,0,0,0,0,0,0,0,0,0,0,0,0,0,0,0,0,0,0,0,0,0,0,0,0,0,0,0,0,0,0,0,0,0,0,0,0,0,0,0,0,0,0,0,0,0,0,0,0.343642611683849,0,0,0,0,0,0,0,0,0,0,0,0,0,10.8247422680412,0,0,0,0,0,0,0,0,0,0,0,0,0.859106529209622,0,0,0,0,0,0,0,0,0,0,0,0,0.687285223367698,0,0,0,0,0,3.09278350515464,0,0.171821305841924,0,0,0,0,0,0,0,0,0,0,0,0,0,0,0,0,0,0,0,0.171821305841924,0,0,0,0,0,0,0,0,0,0,0,0,0,0,0,0,0,0,0,0.171821305841924,0,0,0,0,0,0,0,0,0,0,0,0,0,0,0,0,0,0,0,0,0,0.171821305841924,0,0,0,0,0,0,0,0,0,0,0,0,0,0,0,0,0,0,0,0,0,1.89003436426117,0,0,0,0,0,0,0,0,0,0,0,0,0,0,0,0,0,0,0,0,0,0,0,0,0,0,0,0,0,0,0,0,0,0,0,0,0.171821305841924,0,0,0,0,0,0,0,0,0,0,0,0,0,0,0,0,0,0,0,0,0,0,0,0,0,0,0,0,0,0,0,0,0,0,0,0,0,0,0,0,0,0,4.12371134020619,0,0,0,0,0,0,7.7319587628866,0.515463917525773,0,0,0,0,0,0,0,0,0,0,0,0,0,0,0,0,2.57731958762887,0,0,0,0,0,0,0,0,0,0,0,0,0,0,0,0,0,0,0,0,0,0,0,0,0.171821305841924,0,0,0.171821305841924,0,0,0,0,0,0,0,0,3.78006872852234,0,0,0,0,0,0,0,0,0,0,0,0,0,2.23367697594502,0,0,0,0,0,0,0,0,0,0,0,0,0,0,0.171821305841924,0,0,0,0,0,0,0,0,0,0,0,0,0.171821305841924,0,0,0,0,0,0,0,0,0,0,0,0,0,0,0,0,0,0,0,0,0,0,0,0,0,0,0,0,0,0,0,0,0,0,0,0,0,0,0,0,0,0,0,0,0,0,0,0.343642611683849,0,0.515463917525773,0,0,0,0,0,0,0,0,0,0,0,0,0,0,0,0,0,0,0,0,0,0,0.171821305841924,0,0,0,0,0,0,0,0,0,0,0,0,0,0,0,0,0,0,0,0,0,0,0.171821305841924,0,13.573883161512,0,0,0,0,0,0,0,0,0.343642611683849,0,0,0,0,0,0,0,0
"EpNGEO-J_Fondocch1",0,0,0,0,0,0,0,0,0,0,0,0,0,3.43347639484979,0,0.214592274678112,0,0,0,0,0,0,0,0,0,0,0,0,12.6609442060086,1.28755364806867,0,58.1545064377682,0,0,0,0,0,0,0,0,0,0,0,0,0,0,0,0.214592274678112,0,0,0,0,0,0,0,0,0,0,0,0,0,0,0,0.214592274678112,0.214592274678112,0,0,0.214592274678112,0.214592274678112,0,0,0,0,0,0,0,0,0,0,0,0,0,0,0,0,0,0,0,0,0,0.214592274678112,0,0,0,0,0,0,0,0,0,0,0,0,0,0,0,0,0,0,0,0,0,0,0,0,0,0,0,0,0,0,0,0,0,0,0,0,0,0,0,0,0,0,0,0,0,0,0.429184549356223,0,0,0,1.71673819742489,0,0,0,0,0,5.15021459227468,0,0,0,0,0,0,0,0,0.214592274678112,0,0,0,0,0,0,0,0,0,0,0,0,0,0,0,0,0,0,0,0,0,0,0.214592274678112,0,0,0,0,0,0,0,0,0,0,0,0,0,0,0,0,0,0,0,0,0,0.429184549356223,0,0,0,0,0,0,0,0.214592274678112,0,0,0,0,0,0,0,0,0,0,0,0,0,0,0,0,0,0,0,0,0,0,0,0,0,0,0,0.214592274678112,0,0,0,0,0,0,0,0.643776824034335,0,0,0,0.429184549356223,0,0,0.214592274678112,0,0,0,0,0,0,0,1.50214592274678,0,0,0,0,0.643776824034335,0,0,0,0,0,0,0,0,0,0,0,0,0,0,0,0,0,0,0,0,0,0,0,0,0,0,0,0,0,0,0,0,0,0,0,0,0,0,0,0,0.858369098712446,0,0.214592274678112,0,0,0,0,0,0,0,0,0,0,0,0,0.214592274678112,0,0,0,0,0,0,0,0,0,0,0.429184549356223,0,0,0,0,0,0,0,0,0,0,0,0,0.214592274678112,0,0,0,0,0,0,0.214592274678112,0,0,0,0,0,0,0,0,0,0,0,0,0,0,0,0,0,0.429184549356223,0,0,0,0,0,0,0,0,0,0,0,0,0,0,0,0,0,0,0,0,0,0,0,0,0,0,0,0,0,0,0,0,0,0,0,0,1.50214592274678,0,0,0,0,0,0,0,0,0,0,0,0,0,0,0,0,0,0,0,0,0,0,0,0,0,0.214592274678112,0,0,0,0,0,0,0,0,0,0,0,0,0,0,0.429184549356223,0,0,0,0,0,0,0,0,0,0,0,0,0,0,0,0,0,0,0.214592274678112,0,0,0,0,0,0,0,0,0,0,0,0,0,0,0,0,0,0,0,0,0,0,0,0,0,0,0,0,0.858369098712446,0,0,0,0,0.214592274678112,0,0,0,0,0,0.214592274678112,0,0,0,0,0,0,0,1.50214592274678,0,0,0,1.07296137339056,0,0,0,0,0,0,0,0,0,0,0,0.214592274678112,0,0,0,0,0,0,0,0,0,0,0,0,0,0,0,1.931330472103,0,0,0,0,0,0,0,0,0,0,0,0,0,0,0,0,0
"EpNGEO-J_Jigeno1",0,0,0,0,0,0,0,0,0,0,1.02249488752556,0,0,3.88548057259714,0,0.204498977505113,0,0,0,0,0,0,0,0,0,0,0,0,38.4458077709611,0,0,0,0,0,0,0,0,0,0,0,0,0,0,0,0,1.84049079754601,0,0.81799591002045,0,0,0,0,0,0,0,0,0,0,0.204498977505113,0,0,0,0,0,1.02249488752556,0,0,0.204498977505113,0,0,0,0,0,0,0,0,0,0,0,0,0,0,0,0,0,0,0,0,0,0,0,0,0,0,0,0,0,0,0,0,0,0,0,0,0,0,0,0,0,0,0,0,0,0,0,0,0,0,0,0,0,0,0,0,0,0,0,0,0,0,0,0,0,0.408997955010225,0,0,0,0,0,0,0,0,0,0,0,0,0,22.6993865030675,0,0,0,0,0.204498977505113,0,0,0,0,0,0,0,1.02249488752556,0,0,0,0,0,0,0,0,0,0,0,0.204498977505113,0.408997955010225,0,0,0,0,0,0.81799591002045,0.204498977505113,0,0,1.22699386503067,0,0,0,0,0,0,0,0,0,0,0,0,0,0,0,0,0,0,0.204498977505113,0,0,0,0,0.204498977505113,0,0,0,0,0,0,0,0,0,0,0,0,0,0.204498977505113,0,0,0,0,0,0,0,0,0,0,0,0,0,0,0,0,0,0,0,0,0,0,0,0,0,0,0,0.204498977505113,0,0,0,0,0,0,0,0,0,0.204498977505113,0,0,0,0,0,0.204498977505113,0,0,0,0,0,0,0,0,0,0,0,0,0,0,0,0,0,0,0,0,0,0,0,0,0,0,0,0,0,0,0,0,0,0,0,0,0,0,0,0,2.04498977505112,0,0,0,0,0,0,0,0,0,0,0,0,0,0,0,0,0,0,0,0,0,0,0,0,0,0.204498977505113,0,0,0,0,0,0.204498977505113,0,0,0,0,0,0,1.02249488752556,0,0,0,0,0,0,0,5.11247443762781,0,0,0,0,0,0,0,0,0,0,0,0,0,0,0,0,0.408997955010225,0,0,0,0,0,0,0.204498977505113,0,0,0,0,0,0,0,0,0,0,0,0,0,0,0,0,0,0,0,0,0,0,0,0,0,0,0,0,0,0.408997955010225,0,0,0,0,0,0,0,0,0,0,0,0,0,0.81799591002045,0,0,0,0,0,0,0,0,0,0,0,0.408997955010225,0,0,0,0,0,0,0,0,0,0,0,0,0,0,0,0,0.204498977505113,0,0,0,0,0.408997955010225,0,0,0,0,0,0,0,0,0,0,0,0,0,0,0,0,0,0,0,0,0,0.204498977505113,0,0,0,0,0,0,0,0,0,0,0,0,0,0,0,0,0,0,0,1.43149284253579,0,0,0,0,0,0,0,0,0,0,0,0,0,0,0,0,0,0,0,0,0,0,0,0,1.02249488752556,0,0,0,0,0,0,0,0,0,0,0,0,0,0,0,0,0,0,0,0,0,0,1.02249488752556,0,8.79345603271984,0,0,0,0,0,0,0,0,0,0,0,0,0,0,0,0,0
"EpNGEO-J_Kuyuk1",0,0,0,0,0,0,0,0,0,0,0,0,0,12.540192926045,0,0,0,0,0,0,0,0,0,0,0,0,0,0,0.803858520900322,0,0,0,0,0,0,0,0,0,0,0,0,0,0,0,0,0,0,0.482315112540193,2.09003215434084,0,0,0,0,0,0,0,0,0,0,0,0,0,0,0,0.160771704180064,0,0,0,0,0,0,0,0,0,0,0,0,0,0,0,0,0,0,0,0,0,0,0,0,0,0,0,0,0,0,0,0,0,0,0,0,0,0,0,0,0,0,0,0,0,0,0,0,0,0,0,0,0,0,0,0,0,0,0,0,0,0,0,0,0,0,0,0,1.92926045016077,0,0,0.321543408360129,0,0,0,0,0,0,0,0,0,0,0.643086816720257,0,0,0,0.160771704180064,0.160771704180064,0,0,0,0,0,0,0,0.803858520900322,0,0,0,0,0,0.643086816720257,0.160771704180064,0,0,0,0,0,0,0,0,0,0.160771704180064,0,1.12540192926045,0,0,0,0,0,0,0,0,0,0,0,0,0,0,0,0,0,0,0,0,0,0.321543408360129,0,0,0,0,0.482315112540193,0,0.803858520900322,0,0,0,0,0,0,0,0,0.803858520900322,0,0,0,0.160771704180064,0,0,0,0,0,0,0,0,0,0,0,0,0,0,0,0,0,0,0,0,0,0.964630225080386,0,0,0,0,0,11.8971061093248,0.482315112540193,0,0,0,0,0,0,0,0,0,0.964630225080386,0,0,0,0,0.160771704180064,0,0,0,0,0,0,0,0,0,0,0,0,0,0,0,0,0.160771704180064,0,0.160771704180064,0,0,0,0,1.44694533762058,0,0,0,0,0.160771704180064,0,0,0,0,0,0,0,0.482315112540193,0,0.321543408360129,0,2.2508038585209,0,0.803858520900322,0,0,0,0,0,0,0,0,0,0,0,0,0.160771704180064,0,0,0,0,0,0,0,0,0,0,0.482315112540193,0,0,0,0,0,0,0.321543408360129,0,0,0,0,0,0.643086816720257,0,0,0,0,0,0,5.14469453376206,0,0,0,0,0,0,0,0,0,0,0,0,0,0,0,0,0,1.12540192926045,0,0,0,0,0.160771704180064,0,0,0,0,0,0,0,0,0,0,0,0,0,0,0,0.803858520900322,0,0,0,0,0,0,0,0,0,0,0,0,0,0,0,0,0,0,0,0,0,0,0,0,0,0,0,0,0,0,0,0,0,0,0,0,0,0,0,0,0,0.160771704180064,0,0,0,0,0,0,0,0,0,0,0,0,0,0,0,0,0,0,0,0,0,0,0,0,0,0,0,0,0,0,0,0.160771704180064,0,0,0,0,0,0,0,0,0,0,0,0,0,0,0.643086816720257,0,0,0,0,0,0,0,0,0,0,0,0,0,0,0,0.643086816720257,0,0,0,0,0,0.321543408360129,0,0,0,0,0,0,0,0,0,0,0,0,0,0,0,0,1.92926045016077,0,0,0,0,0,0,0,0,0,0,0,0,0,0,0,0,0,0,0,0,0,0,0,0,0,7.55627009646302,0,34.5659163987138,0,0,0,0,0,0,0,0,0,0,0,0,0,0.160771704180064,0,0,0
"EpNGEO-J_Llaviucu",0,0,0,0.144092219020173,0,0,0,0,0,0,0,0,0,13.6887608069164,0,0,0,0,0,0,0,0,0,0,0,0,0,0,0,0,0,0,0,0,0,0,0,0,0,0,0,0,0,0,0,0,0,3.45821325648415,0,0,0,0,0,0,0,0,0,0,0,0,0,0,0,0,0,0,0,0,0,0,0,0,0.144092219020173,0,0,0,0,0,0,0,0,0,0,0,0,0,0,1.44092219020173,0,0,0,0,0,0,0,0,0,0,0,0,0,0,0,0.288184438040346,0.720461095100865,0,0,0,0,0,0,0,0,0,0,0,0,0,0,0,0,0,0,0,0,0,0,0,0,0,0,0,0,0,0,0.432276657060519,0,0,0,4.89913544668588,0,0,0,0,0,0,0,37.8962536023055,0,0,0,0,0,0,0,0,0,0,0,0,0,0,0,0,0,0,3.45821325648415,1.15273775216138,0,0,0,0,0,0,0.432276657060519,0,0,0,0,0.432276657060519,0,0,0,0,0,0,0,0.288184438040346,0,0,0,0,0,0,0,0,0,0,0,0,0,0.432276657060519,0,0,0,0,0,0.144092219020173,0,0,0,0,0,0,0,0,0,0,0,0,0,0,0,0,0,0,0,1.00864553314121,0,0,0,0,0,0.144092219020173,0,0,0,0,0,0,0,0,0,1.00864553314121,0,0,0,0,0,1.00864553314121,0,0,0,0,0,0,0,0,0,0.720461095100865,0,0,0,0,0,0,0,0,0,0,0,0,0,0,0,0,0.576368876080692,0,0.144092219020173,0,0,0,0,0,0,0,0,0,0,0,0,0.144092219020173,0,0,0,0,2.16138328530259,0,0,0.432276657060519,0,0,0,0,0.432276657060519,0,0,0,0.576368876080692,0,0,0,0,0,0,0,0,0,0,0,0,0.144092219020173,0,0,0,0,0,0,0,0,0,0,0,0,0,0,0,0,0,0,0,0,0.288184438040346,0,0,0,0,0,0,0,0,0,3.45821325648415,0,0,0,0,0,0,0,0,0,0,0,0,0,0.144092219020173,0,0,0,0,0,0,0,0,0,0,0,0,0,0,0,0,0,0,0,0,0,0,0,0,0,0,0,0,0,0.144092219020173,0,0,0,0,0,0,0,0,0,0,0,0,0,0,0,0,0.576368876080692,0,0,0,0,0,0,0,0,0,0,0,0,0,0,0,0,0,0,0,0,0,0,0,0,0,0,0,0,0,0,0,0,0,0,0,0,0,0,0,0,0,0,0.144092219020173,0,0,0,0,0,0,0,0,0,0,0,0,0,0,0,0,0,0,0,0,0,0,0,0,0,0,0,0,0,0.144092219020173,0,0,0,0,0,0,0,0,0,0,0,0,0.144092219020173,0,0,0,0,0,0,0,0,0,0,0,0,0,0,1.15273775216138,0,0,0.576368876080692,0,2.59365994236311,0,0,0,0,0,0,0,0,0,0,0,0,0,0,0,0,0,0,0,0,0,0,0,0,0,0,0,6.05187319884726,0,0,0,0,0,0,0,0,5.90778097982709,0.720461095100865,0,0,0,0,0,0,0
"EpNGEO-J_Marmlcch1",0,0.355871886120996,0,0,0,0,0,0,0,0,0,0,0,7.82918149466192,0,0,0,0,1.06761565836299,0,0,0,0,0,0,0,0,0,0,0,0,0,0,0,0,0,0,0,0,0,0,0,0,0,0,0,0,3.02491103202847,0,0,0,0.177935943060498,0,0,0,0,0,0,0,0.177935943060498,0.533807829181495,0,0,0.177935943060498,0,0,0,0.355871886120996,0,0,0,0,0.177935943060498,0.355871886120996,0,0,0,0,0,0,0,0,0,0,0,0,0,0,0,0,0,0,0,0,0,0,0,0,0,0,0,0,0,0,0,0,0,0,0,0,0.177935943060498,0,0,0,0,0,0,0,0,0,0,0,0,0,0,0,0,0,0,0,0,0,0,0,0,0,0,0,0,0,0,0,0,0,0,0,0,0.711743772241993,0,0,0,0,0,0,0,0,0,0,0,0,0.889679715302491,0,0,0,0,0,0,0.177935943060498,0,0,0,0,0,1.42348754448399,0,0,0,0,0,12.8113879003559,0,0,0,0,0,0,0,2.84697508896797,0,0,0,0,0,0,0,0,0,0,0,0,0,0.533807829181495,0,0,0,0,0,0,0,0,0.177935943060498,0,0,0,0,0,0,0,0,0,0,0,0,0,0,0,0,0,0,0,0,0,0,0,0,0,0,0,0,0,0,0,0,0,0,0,0,0,0,0,0.177935943060498,0,0,0,0,0,0,0,0,0,0,0,0,0,0,0,0,0,0,0,0,0,0,0,0,0,0,0,0,0,0,0,0.177935943060498,0,0,0,0.177935943060498,0,0,0,0,0.177935943060498,0,0,0,0,0,0,0,0,0,0,0,0,0,0,0.355871886120996,0,0,0,0,0,0,0,0,0,0,0,0,0,0,0,0,0,0,0,0,0,0,0,0,0,0,0,0,0,0,0,0,1.24555160142349,0,0,0,0,0,0,0,0,0,0,0,0,8.89679715302491,27.4021352313167,0,0,0,0,0,0,0,0,0,0,0,0,0,0,0,0,6.04982206405694,0,0,0,0,1.24555160142349,0,0,0,0,0,0,0,0,0,0,0,0,0,0,0,0,0,0,0.177935943060498,0,0,0,0,0,0,0,0,0,0,0,0,0.355871886120996,0,0,0,0,0,0,0,0,0,0,0,0,0,11.2099644128114,0,0,0,0,0,0,0,0,0,0,0,0,0,0,0,0,0,0,0,0,0,0,0,0,0,0,0,0,0,0,0.177935943060498,0,0,0,0,0,0,0,0,0,0,0,0,0,0,0,0,0,0,0,0,0,0,0,0.177935943060498,0,0,0,0,0,0,0,0,0,0,0,0,0,0,0,0,0,0,0,0,4.27046263345196,0,3.02491103202847,0,0,0,0,0,0,0,0,0,0,0,0,0,0,0,0,0,0,0,0,0,0,0,0,0,0,0,0,0,0,0,0,0,0,0,0,0,0,0,0,0,0,0,0,0,0,0,0.533807829181495,0,0,0,0,0,0,0,0,0,0,0,0,0,0.177935943060498,0,0,0
"EpNGEO-J_Piñan1",0,0,0,0,0,0,0,0,0,0,0.988142292490119,0,0,5.53359683794466,0,0,0,0,0.988142292490119,0,0,0,0,0,0,0,0,0,0,0,0,0,1.97628458498024,0,0,0,0,0,0,0,0,0,0,0,0,3.75494071146245,0,0,3.3596837944664,0,0,0,0,0,0,0,0,0,0,0,0,0,0,0,1.77865612648221,0,0,0,0,0,0,0,0,0,0,0,0,0,0,0,0,0,0.197628458498024,0,0,0,0,0,0,0,0,0,0,0,0,0,0,0,0,0,0,0,0,0,0,0,0,0,0,0,1.38339920948617,0,0,0,0,0,0,0,0,0,0,0,0,0,0,0,0,0,0,0,0,0,0.197628458498024,0,0,0,0,0,0,0,0,0,0,0,0,0,0.197628458498024,0,0,0,0,0,0,0,0,0,0,0,0,0,2.96442687747036,0,0,0,0,0,0,0,0,0,0,0,0.592885375494071,3.3596837944664,0,0,0,0,0,0.395256916996047,0,0,0,0,0,0,0,0,0,0,0,0,0,1.58102766798419,0,0,0,0,0,0,0,0,0.395256916996047,0,0,0,0,0,0,0,0,0,0,0,0,0,0,0.197628458498024,0,0,0,0,0,0,0,0,0,0,0,0,0,0,0,0,0,0,0,0,0,0,0,0,0,0.197628458498024,0,0,0,0,0,1.97628458498024,3.55731225296443,0,0,3.75494071146245,0,0,0,0,0,0.197628458498024,0,0,0,0,0,0.790513833992095,0,0,0,0,0,0,0,0,0,0,0,0,0,0,0,0,0,0,0,0,0,0,0,0,0,0.197628458498024,0,0,0.790513833992095,0,2.37154150197628,0,0,0,0,0,0,0,0,0,2.17391304347826,0,0,0,0,0,0,0,0,0,0,1.97628458498024,0,0,0,0,0,0,0,0,0,0,0,0,0,0,0.988142292490119,0,0,0,0,0,0,0,0,0,0,0,0,0,0,0,0,0,0,0,6.91699604743083,2.96442687747036,0,0,0,0,0,0,0,0,0,0,0,0,0,0,0,0,2.17391304347826,0,0,0,0,0,0,0.592885375494071,0,0,0,0,0,0,0,0,0,0,0,0,0,0,0,0,0,0,0,0,0,0,0,0,0,0,0,0,0,7.70750988142292,0,0,0,0,0,0,0,0,0,0,0,0,0,16.403162055336,0,0,0,0,0,0,0,0,0,0,0,0,0,0,0,0,0,0,0,0,0.197628458498024,0,0,0,0,0,0,0,0,0,0,0,0,0,0,0,0,0,0,0,0,0,0,0,0,0.790513833992095,0,0,0,0,0,0,0,0,1.38339920948617,0,0,0,0,0,0,0,0,0,0,0,0,0,0,0,0,0,0,0,0,0.197628458498024,0,3.55731225296443,0,0,0,0,0,0,0.592885375494071,0,0,0,0,0,0,0,0,0,0,0,0,1.97628458498024,0,0,0.197628458498024,0,0,0,3.3596837944664,0,0,0,0,0,0,0,0,0,0,0,0,0,0,0,0,0,0,1.97628458498024,0,0.197628458498024,0,0,0,0,0,0,0,0,0,0,0,0,0,0,0,0,0
"EpNGEO-J_Piñancch1",0,0,0,0,0,0,0,0,0,0,1.02389078498294,0,0,22.0136518771331,0,0,0,0,0,0,0,0,0,0,0,0,0,0,19.7952218430034,0,0,0,0,0,0,0,0,0,0,0,0,0,0,0,0,0,0,0.68259385665529,0,0,0,0,0,0,0,0,0,0,0,0,0,0,0,0,3.07167235494881,0,0,0,0,0,0,0,0,0,0,0,0,0,0.170648464163823,0,0,0,0,0,0,0,0,0,0,0,0,0,0,0,0,0,0,0,0,0,0,0,0,0,0,0,0,0,0,0,0,0,0,0,0,0,0,0,0,0,0,0,0,0,0,0,0,0,0,0,0,0,0,0.170648464163823,0,0,0,0,0,0,0,0,0,0,0,0,0.170648464163823,10.580204778157,0,0,0,0,0,0,0,0,0,0,0,0,0.170648464163823,0,0,0,0,0,0,0,0,0,0,0,0.170648464163823,0,0,0,0,0,0,1.5358361774744,0.170648464163823,0,0,0,0,0,0,0,0,0,0,0,0,0,0,0,0,0,0,0,0,0,0.170648464163823,0,0,0,0,0,0,0,0,0.170648464163823,0,0,0,0,0,0.170648464163823,0,0,0,0,0,0,0,0,0,0,0,0,0,0,0,0,0,0,0,0,0,0,0,0,0,0.170648464163823,0,0,0,0,0,0,0.170648464163823,0,0,0,0,0,0,0,0,0,0,0,0,0,0,0.511945392491468,0,0,0,0,0,0,0,0,0,0,0,0,0,0,0,0,0,0,0,0,0,0,0,0,0,0,0,0,0,0,0,0,0,0,0,0,0,0,0,0,0,0,0,0,0,0,0,0,0,0,0,0,0,0,0,0,0,0,0,0,0,0,0,0,0,0,0,0,0,0,0,0,0,0,0,0,0.511945392491468,0,0,0,0,0,0,0,0,0,8.53242320819113,2.04778156996587,0,0,0,0,0,0,0,0,0,0,0,0,0,0,0,0,0,0,0,0,0,0,0,0.341296928327645,0,0,0,0,0,0,0,0,0,0,0,0,0,0,0,0,0,0,0,0,0,0,0,0,0,0,0,0,0,4.94880546075085,0,0,0,0,0,0,0,0,0,0,0,0,0,17.4061433447099,0,0,0,0,0,0,0,0,0,0,0,0,0,0,0,0,0,0,0,0,0,0,0,0,0,0,0,0,0,0,0,0,0,0,0,0.170648464163823,0,0,0,0,0,0,0,0,0,0,0,0.170648464163823,0,0,0,0,0,0,0,0.853242320819113,0,0,0,0,0,0.170648464163823,0,0,0,0,0,0,0,0,0,0,0,0,0,0.853242320819113,0,0.511945392491468,0,0,0,0,0,0,0.170648464163823,0,0,0,0,0,0,0,0,0,0,0,0,0.170648464163823,0,0,0,0,0,0,0,0,0,0,0,0,0,0,0,0.170648464163823,0,0,0,0,0,0,0,0,0,0,0,1.87713310580205,0,0,0,0,0,0,0,0,0,0,0,0,0,0,0,0,0
"EpNGEO-J_Riñoncch1",0,0,0,0,0,0,0,0,0,0,0.22883295194508,0,0,2.74599542334096,0,0,0,0,0,0,0,0,0,0,0,0,0,0,27.6887871853547,0,0,0,0,0,0,0,0,0,0,0,0,56.9794050343249,0,0,0,0,0,0,0.22883295194508,0,0,0,0,0,0,0,0,0,0,0,0,0,0,0,0,0,0,0,0,0,0,0,0,0,0,0,0,0,0,0,0,0,0,0,0,0,0,0,0,0,0,0,0,0,0,0,0,0,0,0,0,0,0,0,0,0,0,0,0,0,0,0,0,0,0,0,0,0,0,0,0,0,0,0,0,0,0,0,0,0,0,0,0,0,0,0,0,0,0,0,0,0,0,0,0,0,1.1441647597254,0,0,0,0,0,0,0,0,0,0,0,0,0,0.68649885583524,0,0,0,0,0,0,0,0,0,0,0,1.60183066361556,0,0,0,0,0,0,0.91533180778032,0,0,0,0,0,0,0,0,0,0,0,0,0,0,0,0,0,0,0,0,0,0,0,0,0,0,0,0,0,0,0,0,0,0,0,0,0,0,0,0,0,0,0,0,0,0,0,0,0,0,0,0,0,0,0,0,0,0,0,0,0,0,0,0,0,0,0,0,0,0,0,0,0,0,0,0,0,0,0,0,0,0,0,0,0,0.22883295194508,0,0,0,0,0,0,0,0,0,0,0,0,0,0,0,0,0,0,0,0,0,0,0,0,0,0,0,0,0,0,0,0,0,0,0,0,0,0,0,0,0.45766590389016,0,0,0,0,0,0,0,0,0,0,0,0,0,0,0,0,0,0,0,0,0,0,0,0,0,0,0,0,0,0,0,0,0,0,0,0,0,0,0.68649885583524,0,0,0,0,0,0,2.51716247139588,0,0,0,0,0,0,0,0,0,0,0,0,0,0,0,0,0,0,0,0,0,0,0,0,0,0,0,0,0,0,0,0,0,0,0,0,0,0,0,0,0,0,0,0,0,0,0,0,0,0,0,0,0,0,0.22883295194508,0,0,0,0,0,0,0,0,0,0,0,0,0,0,0,0,0,0.22883295194508,0,0,0,0,0,0,0,0,0,0,0,0,0,0,0,0,0,0,0,0,0,0,0,0,0,0,0,0,0,0.22883295194508,0,0,0,0,0,0,0,0,0,0,0,0,0,0,0,0,0,0,0,0,0.45766590389016,0,0,0,0,0,0,0,0,0,0,0,0,0,0,0,0,0,0,0,0,1.1441647597254,0,0,0,0,0,0,0,0,0.22883295194508,0,0,0,0,0,0,0,0,0,0,0,0,0,0,0,0,0,0,0,0,0,0,0,0,0,0,0,0,0,0,0,0,0,0,0,0,0,0,0,0,1.37299771167048,0,0,0,0,0,0,0,0,0,0,0,0,0,0,0,0,0
"Sml-McE_ChrrrsLk",0,0,0,0,0,0,0,0,0,0,0,0,0,0,19.41,0,0,0,0,0,0,0,0,0,0,0,0,0,2.66,0,0,0,0,0,0,0,0,0,0,0,0,0,0,0,0,0,0,2.39,0,0,0,0,0,0,0,0,0,0,0,0,0,0,0,0,0.27,0,0,0,0,0,0,0,0,0,0,0,0,0,0,0,0,0,0,0,0,0,0,0,0,0,0,0,0,0,0,0,0,0,0,0,0,0,0,0,0,0,0,0,0,0,0,0,0.27,0,0,0,0,0,0,0,0,0,0,0,0,0,0,0,0,0,0,0,0,0,0,0,0,0,0,2.66,0,0,0,0,0,0,0,19.41,0,0,0,0,0,1.06,0,0,0,0,0,0,0,0,0,0,0,0,0,0,0,0,0.53,0,0,0,0,1.33,0,0,0,0,0,0,0,0,0,0,0,0,0,0,0,0,0,0,0,0,0,0.53,0,0,0,0,0,0.27,1.06,0,0,0,0,0,0,0,0,0,0,0,0,0,0,0,0,0,0,0,0,0,0,0,0,0,0,0,0,0,0,0,0,0,0,0,0,0,0,1.06,0,0,0,0,0,1.6,0,0,0,0,0,0,0,2.13,0,0,0,0,0,0,0,0,0,0,0,0,0,0,0,0,0,0,0.27,0,0,0,0,0,0,0,0,0,0,0,0,0,0,0.53,0,0,0,0,0,0,0,0,0,0,0,0,0,0,0,0,0,0,0,0,0,0,0,0,0,0,0,0,0,0,0,0,0,0,0,0,0,0.53,0,0,0,0,0,0,0,0,0,0,0,0,4.26,0,0,0,0,0,0,0,0,0,1.06,0,0,0,0,0,0,0,0,1.06,0,0,0,0,0,0,0,0,0,0,0,0,0,0,0,0,0,0,0,0,0,0,0,0,0,0,0,0,0,0,0,0,0,0,0.27,0,0,0,0,0,0,0,0,0,0,0,0,0,3.99,0,0,0,0,0,0,0,0,0.53,0,0,0,0,0,0,0,0,0,0,0,0,0,0,0,0,0,0,0,0,0,0,0,0,0,0,0,0,0,0,0,0,0,0,0,0,0,0,0,0,0,0,0.53,0,0,0,0,0,0,0,0,0,0,0,2.66,0,0,0,0,0,4.79,0,0,0,0,0,0,0,0,0,0,0,0,0.27,0,0,0,0,0,0,0,0,0,0,0,0,0,0,0,0,0,0,0,0,6.91,0,0,0,0,1.86,0,0,0,0,0,0,0,0,0,0,0,0,0,0,0,0,0,0,0,0,0,0,0,0,0,0,10.64,0,0,0,0,0,0,0,0,0,0,0,0,0,0,1.6,0,0,1.6
"Sml-McE_FondCoch",0,0,0,0,0,0,0,0,0,0,0,0,0,0,3.43,0.21,0,0,0,0,0,0,0,0,0,0,0,0,12.66,1.29,0,0,0,0,0,58.15,0,0,0,0,0,0,0,0,0,0,0,0.21,0,0,0,0,0,0,0,0,0,0,0,0,0,0,0,0.21,0.21,0,0.21,0,0.21,0,0,0,0,0,0,0,0,0,0,0,0,0,0,0,0,0,0,0,0,0,0.21,0,0,0,0,0,0,0,0,0,0,0,0,0,0,0,0,0,0,0,0,0,0,0,0,0,0,0,0,0,0,0,0,0,0,0,0,0,0,0,0,0,0,0,0,0,0,0.43,0,0,0,1.72,0,0,0,0,0,5.15,0,0,0,0,0,0,0,0,0.21,0,0,0,0,0,0,0,0,0,0,0,0,0,0,0,0,0,0,0,0,0,0,0.21,0,0,0,0,0,0,0,0,0,0,0,0,0,0,0,0,0,0,0,0,0,0,0,0.43,0,0,0.21,0,0,0,0,0,0,0,0,0,0,0,0,0,0,0,0,0,0,0,0,0,0,0,0,0,0,0,0,0,0,0.21,0,0,0,0,0,0,0.64,0,0,0,0,0.43,0,0,0.21,0,0,0,0,0,0,0,1.5,0,0,0,0,0.64,0,0,0,0,0,0,0,0,0,0,0,0,0,0,0,0,0,0,0,0,0,0,0,0,0,0,0,0,0,0.86,0,0,0,0,0,0,0,0,0,0,0,0,0.21,0,0,0,0,0,0,0,0,0,0,0,0,0.21,0,0,0,0,0,0,0,0,0,0,0.43,0,0,0,0,0,0,0,0,0,0,0,0.21,0,0,0,0,0,0,0,0.21,0,0,0,0,0,0,0,0,0,0,0,0,0,0,0,0,0,0.43,0,0,0,0,0,0,0,0,0,0,0,0,0,0,0,0,0,0,0,0,0,0,0,0,0,0,0,0,0,0,0,0,0,0,0,0,1.5,0,0,0,0,0,0,0,0,0,0,0,0,0,0,0,0,0,0,0,0,0,0,0,0,0,0.21,0,0,0,0,0,0,0,0,0,0,0,0,0,0,0.43,0,0,0,0,0,0,0,0,0,0,0,0,0,0,0,0,0,0,0.21,0,0,0,0,0,0,0,0,0,0,0,0,0,0,0,0,0,0,0,0,0,0,0,0,0,0,0,0,0.86,0,0,0,0,0.21,0,0,0,0,0,0.21,0,0,0,0,0,0,0,1.5,0,0,0,1.07,0,0,0,0,0,0,0,0,0,0,0,0.21,0,0,0,0,0,0,0,0,0,0,0,0,0,0,1.93,0,0,0,0,0,0,0,0,0,0,0,0,0,0,0,0,0,0
"Sml-McE_LgnsdNpl",0.19,0,0,0,0,0,0,0,0,1.15,0,0,0,0,7.12,0,0,0,0,0,0,0,0,0,0,0,0,0,35.96,4.04,0.38,0,0,0,0,0,0.38,0,0,0,0,0,0,0,0,0,0.58,0.77,0,0,0,0,0,0,0,0,0,0,0,0,0,0,0,0,0.19,0,0,0,0.19,0,0,0,0,0,0,0,0,0,0,0,0,0,0,0,0,0,0,0,0,0,0,0,0,0,0,0,0,0,0,0,0,0,0,0,0,0,0,0,0,0,0,0,0,0,0,0,0,0,0,0,0,0,0,0,0,0,0,0,0,0,0,0,0,0,0,0,0,0,0,0,0,0,0,0,0,0,0,11.73,0,0,0,0,0,0,0,0,0,0,0,0,0.58,0,0,0,0,0,0,0,0,0,0,0,0,0,0,0,0,0,0,3.08,0,0,0,0,0,0,0,0,0,0,0,0,0,0,0,0,0,0,0,0,0,0,0,0.58,0,0,0,0,0,0,0,0,0,0,0,0,0,0,0,0,0,0.58,0,0,0,0,0,0,0,0,0,0,0,0,0,0,0,0,0,0,0,0,0,0,0,0,0,0,0,0.77,0,0,0,0,0,0,0,0,0,0,0,0,0,0,0,0,0,0,0,0.38,0,0,0,0,0,0,0,0,0,0,0,0,0,0.77,0,0,0,0.19,0,0,0,0,0,0,0,0.58,0,0,0,0,0,0,0,0,0,0.19,0,0,0,0,0,0,0,0,0,0,0,0,0,0,0,0,0,0,0,0,0.96,0,0,0,0,0,0.19,0,0,0,0,0,0,0,0,0,0,0,0.19,0,0,0,0,0,0,0,5.19,0,0,0,0,0,0,0,0.19,0,0,0,0,0,0,0,0,0,3.08,0,0,0,0,0,0,0,0,0,0,0,0,0,0,0.19,0,0,0,0,0,0,0,0,0,0,0,0,0,0,0,0,1.35,0,0,0,0,4.62,0,0,0,0,0,0,0,0,0,0,0,0,0,0,0,0,0,0,0,0,0,0,0,0,0,0,0,0,0,0,0,0,0,0,0,0,0,0,0,0,0,0,0,0,0,0,0,0,0,0,0,0,0,0,0,0,0,0,0,0.19,0,0.19,0,0,0,0,0,0.58,0,0,2.31,0.19,0,0,0,0,0.19,0,0,0,0,0,0,0,0,0,0,0,0,0,0,0.38,0,0.19,0,0.96,0,0,0,0,0,0,0,0,0,0,0,1.54,0,0,0,0,0,0,0,0,0,0,0,0,0,0,0,0,0,0,0,0,0,0,0,0,0,0,0,0,0,5,0,0,0,1.92,0,0,0,0,0,0,0,0,0,0,0,0,0,0,0
"Sml-McE_Llaviacu",0,0,0,0,0,0,0,0,0,0,0,0,0,0,28.65,0,0,0,0,0,0,0,0,0,0,0,0,0,0,0,0,0,0,0,0,0,0,0,0,0,0,0,0,0,0,0,0,2.2,0,0,0,0,0,0,0,0,0,0,0,0,0,0,0,0,0,0,0,0,0,0,0,0,0,0,0,0,0,0,0,0,0,0,0,0,0,0,0,0,0,0,0,0,0,0.28,0,0,0,0,0,0,0,0,0,0,0,0,0,0,0,0,0,0.83,0,0,0,0,0,0,0,0,0,0,1.1,0,0,0,0,0,0,0,0,0,0,0,0,0,0,0,0,2.75,0,0,0,0,0,0,0,46.28,0,0,0,0,0,0,0,0,0,0,0,0,0,0,0,0,0,0,0.55,0,0,0.55,0,0,0,0,0,0,0,0,0,0,0,0,0,0,0,0,0,0,0,0,0,0,0,0,0,0,0,0,0,0,0,0,0,0,0,0,0,0,0,0,0,0,0,0,0,0,0,0,0,0,0,0,0,0,0,0,0,0,0,0,0,0,0,0,0,0,0,0,0,0,0,0,0,3.86,0,0,0,0,0,0,0,0,0,0,0,0,0,3.58,0,0,0,0,0,0,0,0,0.28,0,0,0,0,0,0,0,0,0,0,0,0,0,0,0,0,0,0,0,0,0,0,0,0,0.55,0,0,0,0,0,0,0,0,0,0,0,0,0,0,0,0,0,0,0,0,0,0,0,0,0,0,0,0,0,0,0,0,0,0,0,0,0,0,0,0,0,0,0,0,0,0,0,0,0,0,0.83,0,0,0,0,0,0,0,0,0,0.83,0,0,0,0,0,0,0,0,0,0,0,0,0,0,0,0,0,0,0,0,0,0,0,0,0,0,0,0,0,0,0,0,0,0,0,0,0,0,0,0,0,0,0,0,0,0,0,0,0,0,0,0,0,0,0,0,0,0.28,0,0,0,0,0,0,0,0,0,0,0,0,0.55,0,0,0,0,0,0,0,0,0,0,0,0,0,0,0,0,0,0,0,0,0,0,0,0,0,0,0,0,0,0,0,0,0,0,0,0,0,0,0,0,0,0,0,0,0,0,0,0,0,0,0,0,0,0,0,0,2.48,0,0,0,0,0,0,0,0,0,0,0,0,0,0,0,0,0,0,0,0,0,0,0,0,0,0,0,0,0,0,0,0,0,1.93,0,0,0,0,0.83,0,0,0,0,0,0,0,0,0,0,0,0,0,0,0,0,0,0,0,0,0,0,0,0,0,0,0,0,0,0,0,0,0,0,0,0,0,0,0,0,0,0,0,0,0.83
"Sml-McE_Patoquns",0,0,0,0,0,0,0,0,0,1.15,0,0,0,0,10,0,0,0,0,0,0,0,0,0,0,0,0,0,0.58,0,0,0,0,0,0,0,0,0,0,0,0,0,0,0,0,0,0,0.38,0,0,0,0,0,0,0,0,0,0,0,0,0,0,0,0,0,0,0,0,0.19,0,0,0,0.58,0,0,0,0,0,0,0,0,0,0,0,0,0,0,0,0,0,8.65,0,0,0,0,0,0.19,0,0,0,0,0,0.19,0,0,0,0,0,0.19,0,0,0,0,0,0,0,0,0,0,0,0,0,0,0,0,0,0,0,0,0,0,0,0,0,0,0,0,0,0,0,0,0,0,0,0,0,0,30.19,0,0,0,0,0,0,0,0,0.19,0,0,0,0,0.19,0,0,0,0,0.38,0,0,0,0,0,0,0,0,0.58,0,0,0,2.31,0,0,0,0,0,0,0,0,0,0,0,0,0,0,0,0,0,0,0,0,0,0,0,0,0,0,0.58,0,0,0,0,0,0,0,0,0,0,0,0,0,0,0,0,0,0,0.19,0,0,0,0,0,0,0,0,0,0,0,0,0,0,0,0,0,0,0,0,0,0,0,4.04,0,0,0,0,0,0,0,0,0,0,0,0,0,0,0,0,0,0,0,0,0,0,0,0,0,0,0,0,0,0,0.19,0,0,0.58,0,0,0,0,0,0.19,0,0,0,0,0,0.19,0,0,0,0,0,0,0,0,0,0,0,0,0,0,0,0,0,0,0,0,0,0,0,0,0,0,0,0,0,0,0,0,0,0,0,0,0,0,0,0,0,0,0,0,0,0,0,0,2.5,0,0,0,0,0,0,0,3.27,0,0,0,0,0,0,0,0,0,0,0,0,0,0,0.19,0,0,0.96,0,0,0,0,0,0,0,0,0,0,0,0,0,0,0,0.19,0,0,0,0,0,0,0,0,0,0,0,0,0,0,0,0,0,0,0,0,0.77,0,0,0,0,0,0,0,0,0,0,0,0,0,0,0,0,0,0,0,0,0,0,0,0,0,0,0,0,0,0,0,0,0,0,0,0,0,0,0,0,0,0,0,0,0,0,0,0,0,0,0,0,0,0,0,0,0,0,0,0,0,0,0,0,0,0,0,0,0,0,0,0,4.62,0,7.12,0,0,0,0,0,0,0,0,0,0,0,0,0,0,0,0,0,0,0.19,0,0,0,0,0,0,0,0,0,0,0,0,0,0.96,0,0,0,5,0,0,0,0,0,0,0,0,0,0,0,0,0,0,0,0,0,0,0,0,0,0,0,0,0,1.92,10.38,0,0,0,0,0,0,0,0,0,0,0,0,0,0,0,0,0,0
"Sml-McE_Toreador",0,0,0,0,0,0,0,0,0,0,0,0,0,0,0,0,0,0,0.55,0,0,0,0,0,0,0,0,0,9.42,0,0,0,0,0,0,0,0,0,0,0,0,0,0,0,0,0,0,1.94,0,0,0,0,0,0,0,0,0,0,0,0,0,0,0,0,0,0,0,0,0,0,0,0,0,1.39,0,0,0,0,0,0,0,0,0,0,0,0,0,0,0,0,0,0,0,0,1.11,0,0,0,0,0,0,0,0,0,0,0,0,0,0,0,0,0,0,0,0,0,0,0,0,0,0,0,0.55,0,0,0,0,0,0,0,0,0,0,0,0,0.55,0,0,0,0,0,0,0,0,0,0,0,43.49,0,0,0.55,0,0,0.55,0,0,0,0,0,0,0,0,0,0,0,0,0,0,0,0,2.22,0,0,0,0,0.55,0,0,0,0,0,0,0,0,0,0,0,0.55,0,0,0,0,0,0,0,0,0,0,0,0,0,0,0,0,0,0,0,0,0,0,0,0,0,0,0,0,0,0,0,0,0,0,0,0,0,0,0,0,0,0,0,0,0,0,0,0.55,0,0,0,0,0,0,0,0,0,0,0,0,0,0.55,0,0,0,0,0,0,0,3.32,0,0,0,0,0,0,0,0,0,0,0,0,0,0,0,0,0,0,0,0,0,0,0,0,0,0,0,0,0,0,0,0,0,0,0,0,0,0,0,0,0,0,0,1.11,0,0,0,0,0,0,0,0,0,0,0,0,0,0,0,0,0,0,0,0,0,0,0,0,0,0,0,0,0,0,0,0,0,0,0,0.55,0,0,0,0.28,1.39,0,0,0,0,0,0,0,0,0,0,0,0,0,0,0,0,0,0,0.28,0,0.28,0,0,0,0,0,0,0,0,0,0,0,0,0,0,0,0,0,0,0,0,0,0,0,0,0,0,0,0,0,0,0,0,0,1.11,0,0,0.55,0,0,0,0,0,0,0,0,0,0.83,0,0,0,0,0,0,0,0,0,0,0,0,0,0,0,0,0,0,0,0,0,0,0,0,0,0,0,0,0,0,0,0,0,0,0,0,0,0,0,0,0,0,0,0,0,0,0,0,0,0,0,0.28,0,0,0,0,0,0,0,0,0,0,0,5.26,0,0,0,0,0,4.99,0,0,0,0.55,0,0,0,0,0,0,0,0,0,0,0,0,0,0,0,0,0,0,0,0,0,0,0,0,0,0,0,0,0,0,0,1.94,0,0,7.2,0,0,0,0,0,0,0,0,0,0,0,0,0,0,0,0,0.55,0,0,0,0,0,0,0,0,0,2.77,0,0,0,0,0,0,0,0,0,0,0,0,0,0,0.28,0,0,1.94
